"uzemi_txt","b1","b2","b3","b4","b5","b6","b7","b8","b9","b10","b11","b12","pocet_bodovanych_ridicu","celkovy_pocet_ridicu","pohlavi_txt","uzemi_typ","stav_k_datu"
"Hlavní město Praha",2574,11931,2356,14225,829,5126,1752,1265,393,633,389,3676,45149,913409,"celkem","kraj","2025_03"
"Blatná",15,139,22,110,6,54,20,9,1,9,0,54,439,10501,"celkem","správní obvod obce s rozšířenou působností","2025_03"
"České Budějovice",400,2473,332,1915,116,770,217,160,54,72,55,491,7055,113415,"celkem","správní obvod obce s rozšířenou působností","2025_03"
"Český Krumlov",47,448,114,360,22,190,64,28,12,14,15,219,1533,27180,"celkem","správní obvod obce s rozšířenou působností","2025_03"
"Dačice",25,120,43,147,9,60,38,6,6,2,2,54,512,12685,"celkem","správní obvod obce s rozšířenou působností","2025_03"
"Jindřichův Hradec",103,741,107,388,46,181,80,30,17,19,16,222,1950,32971,"celkem","správní obvod obce s rozšířenou působností","2025_03"
"Kaplice",31,145,59,188,18,82,44,8,5,9,7,116,712,13071,"celkem","správní obvod obce s rozšířenou působností","2025_03"
"Milevsko",21,203,40,191,11,59,19,9,2,5,8,54,622,12657,"celkem","správní obvod obce s rozšířenou působností","2025_03"
"Písek",109,756,117,537,41,242,71,44,20,15,16,158,2126,35667,"celkem","správní obvod obce s rozšířenou působností","2025_03"
"Prachatice",52,367,76,318,22,144,57,27,10,14,18,160,1265,22928,"celkem","správní obvod obce s rozšířenou působností","2025_03"
"Soběslav",46,285,45,256,15,103,29,14,12,14,5,69,893,14994,"celkem","správní obvod obce s rozšířenou působností","2025_03"
"Strakonice",97,469,114,359,26,141,55,35,12,15,13,155,1491,30609,"celkem","správní obvod obce s rozšířenou působností","2025_03"
"Tábor",75,944,155,874,28,251,117,60,20,38,25,225,2812,54461,"celkem","správní obvod obce s rozšířenou působností","2025_03"
"Trhové Sviny",27,261,46,184,9,61,27,11,5,11,5,85,732,13387,"celkem","správní obvod obce s rozšířenou působností","2025_03"
"Třeboň",38,447,84,283,29,111,38,29,11,16,9,99,1194,16920,"celkem","správní obvod obce s rozšířenou působností","2025_03"
"Týn nad Vltavou",25,214,30,142,6,55,16,15,3,9,6,71,592,9610,"celkem","správní obvod obce s rozšířenou působností","2025_03"
"Vimperk",42,157,37,180,11,65,36,12,3,8,6,77,634,11898,"celkem","správní obvod obce s rozšířenou působností","2025_03"
"Vodňany",18,138,29,119,7,67,18,13,2,9,4,37,461,8045,"celkem","správní obvod obce s rozšířenou působností","2025_03"
"Jihočeský kraj",1171,8307,1450,6551,422,2636,946,510,195,279,210,2346,25023,440999,"celkem","kraj","2025_03"
"Blansko",82,476,103,466,31,158,78,22,14,17,20,117,1584,36663,"celkem","správní obvod obce s rozšířenou působností","2025_03"
"Boskovice",67,638,102,488,28,193,72,50,14,22,13,134,1821,33879,"celkem","správní obvod obce s rozšířenou působností","2025_03"
"Brno",838,3552,673,4192,228,1666,538,354,111,180,125,1131,13588,238446,"celkem","správní obvod obce s rozšířenou působností","2025_03"
"Břeclav",87,857,151,1303,43,340,107,74,16,31,19,177,3205,39333,"celkem","správní obvod obce s rozšířenou působností","2025_03"
"Bučovice",32,175,32,195,15,63,24,21,3,13,6,41,620,10680,"celkem","správní obvod obce s rozšířenou působností","2025_03"
"Hodonín",77,696,119,555,29,248,82,49,13,27,21,197,2113,39618,"celkem","správní obvod obce s rozšířenou působností","2025_03"
"Hustopeče",38,500,65,675,23,180,52,48,13,24,8,110,1736,24121,"celkem","správní obvod obce s rozšířenou působností","2025_03"
"Ivančice",24,189,38,210,9,81,40,18,6,10,11,80,716,16254,"celkem","správní obvod obce s rozšířenou působností","2025_03"
"Kuřim",46,177,44,219,9,66,26,14,5,7,8,62,683,15073,"celkem","správní obvod obce s rozšířenou působností","2025_03"
"Kyjov",61,532,83,510,23,230,65,32,9,29,16,138,1728,36683,"celkem","správní obvod obce s rozšířenou působností","2025_03"
"Mikulov",24,311,52,329,16,109,46,23,6,12,8,83,1019,13122,"celkem","správní obvod obce s rozšířenou působností","2025_03"
"Moravský Krumlov",33,213,47,177,20,59,41,20,7,8,5,73,703,15263,"celkem","správní obvod obce s rozšířenou působností","2025_03"
"Pohořelice",30,296,37,295,9,78,23,14,3,9,7,56,857,9651,"celkem","správní obvod obce s rozšířenou působností","2025_03"
"Rosice",54,429,62,565,21,304,50,38,9,22,5,107,1666,17330,"celkem","správní obvod obce s rozšířenou působností","2025_03"
"Slavkov u Brna",37,226,50,294,9,104,34,17,4,7,4,58,844,15909,"celkem","správní obvod obce s rozšířenou působností","2025_03"
"Šlapanice",168,850,142,1031,58,468,82,72,12,46,6,139,3074,46446,"celkem","správní obvod obce s rozšířenou působností","2025_03"
"Tišnov",41,273,62,250,10,76,43,22,5,8,5,60,855,21140,"celkem","správní obvod obce s rozšířenou působností","2025_03"
"Veselí nad Moravou",61,381,64,335,24,172,62,35,11,15,10,112,1282,24917,"celkem","správní obvod obce s rozšířenou působností","2025_03"
"Vyškov",76,934,98,889,36,254,93,77,21,29,15,138,2660,34005,"celkem","správní obvod obce s rozšířenou působností","2025_03"
"Znojmo",118,1012,210,828,42,331,137,67,22,38,33,282,3120,60759,"celkem","správní obvod obce s rozšířenou působností","2025_03"
"Židlochovice",71,482,60,481,22,333,59,33,9,22,9,86,1667,21224,"celkem","správní obvod obce s rozšířenou působností","2025_03"
"Jihomoravský kraj",2065,13199,2294,14287,705,5513,1754,1100,313,576,354,3381,45541,770516,"celkem","kraj","2025_03"
"Aš",14,163,34,136,3,71,31,13,3,9,9,109,595,10408,"celkem","správní obvod obce s rozšířenou působností","2025_03"
"Cheb",83,664,122,461,31,238,85,44,7,26,36,247,2044,31543,"celkem","správní obvod obce s rozšířenou působností","2025_03"
"Karlovy Vary",174,1086,205,1087,79,398,130,106,25,55,31,426,3802,57110,"celkem","správní obvod obce s rozšířenou působností","2025_03"
"Kraslice",19,175,33,127,14,56,21,9,3,5,6,96,564,7776,"celkem","správní obvod obce s rozšířenou působností","2025_03"
"Mariánské Lázně",30,258,56,236,9,97,57,17,5,9,15,123,912,15561,"celkem","správní obvod obce s rozšířenou působností","2025_03"
"Ostrov",43,387,70,299,18,119,40,34,7,9,13,127,1166,17542,"celkem","správní obvod obce s rozšířenou působností","2025_03"
"Sokolov",93,940,161,858,50,266,118,86,22,40,40,564,3238,46669,"celkem","správní obvod obce s rozšířenou působností","2025_03"
"Karlovarský kraj",456,3673,681,3204,204,1245,482,309,72,153,150,1692,12321,186609,"celkem","kraj","2025_03"
"Bystřice nad Pernštejnem",19,168,32,114,8,84,35,8,3,4,3,32,510,13426,"celkem","správní obvod obce s rozšířenou působností","2025_03"
"Havlíčkův Brod",119,1036,105,738,32,386,57,53,15,36,12,146,2735,35591,"celkem","správní obvod obce s rozšířenou působností","2025_03"
"Humpolec",47,425,41,373,17,294,28,32,13,25,2,50,1347,12410,"celkem","správní obvod obce s rozšířenou působností","2025_03"
"Chotěboř",30,276,29,157,17,75,33,10,3,4,4,57,695,14779,"celkem","správní obvod obce s rozšířenou působností","2025_03"
"Jihlava",168,1286,210,1536,56,825,136,95,32,78,28,229,4679,65154,"celkem","správní obvod obce s rozšířenou působností","2025_03"
"Moravské Budějovice",44,297,77,304,19,109,60,20,6,7,5,70,1018,15896,"celkem","správní obvod obce s rozšířenou působností","2025_03"
"Náměšť nad Oslavou",15,112,21,108,10,28,8,2,5,5,2,39,355,9494,"celkem","správní obvod obce s rozšířenou působností","2025_03"
"Nové Město na Moravě",17,158,21,145,4,44,15,9,0,2,4,29,448,13160,"celkem","správní obvod obce s rozšířenou působností","2025_03"
"Pacov",14,78,10,76,7,35,10,8,3,2,4,23,270,6360,"celkem","správní obvod obce s rozšířenou působností","2025_03"
"Pelhřimov",95,544,104,397,30,182,43,32,14,15,9,131,1596,30648,"celkem","správní obvod obce s rozšířenou působností","2025_03"
"Světlá nad Sázavou",26,330,30,132,9,62,17,12,7,8,4,52,689,13269,"celkem","správní obvod obce s rozšířenou působností","2025_03"
"Telč",20,118,39,101,6,45,18,8,2,2,2,44,405,8901,"celkem","správní obvod obce s rozšířenou působností","2025_03"
"Třebíč",126,888,141,786,48,264,89,57,29,27,22,141,2618,51016,"celkem","správní obvod obce s rozšířenou působností","2025_03"
"Velké Meziříčí",85,879,81,919,35,597,66,52,9,52,10,99,2884,25142,"celkem","správní obvod obce s rozšířenou působností","2025_03"
"Žďár nad Sázavou",57,443,64,276,16,135,49,15,14,13,11,71,1164,28594,"celkem","správní obvod obce s rozšířenou působností","2025_03"
"Kraj Vysočina",882,7038,1005,6162,314,3165,664,413,155,280,122,1213,21413,343840,"celkem","kraj","2025_03"
"Broumov",20,391,47,177,9,67,47,13,8,9,16,89,893,9470,"celkem","správní obvod obce s rozšířenou působností","2025_03"
"Dobruška",23,239,38,161,5,52,36,12,6,11,5,47,635,13789,"celkem","správní obvod obce s rozšířenou působností","2025_03"
"Dvůr Králové nad Labem",55,474,63,364,24,128,49,27,8,11,7,121,1331,18439,"celkem","správní obvod obce s rozšířenou působností","2025_03"
"Hořice",27,268,43,228,13,91,25,19,5,8,6,60,793,12526,"celkem","správní obvod obce s rozšířenou působností","2025_03"
"Hradec Králové",292,2354,338,2029,135,668,216,174,51,73,51,418,6799,98671,"celkem","správní obvod obce s rozšířenou působností","2025_03"
"Jaroměř",45,349,62,377,27,123,44,25,9,13,8,74,1156,12369,"celkem","správní obvod obce s rozšířenou působností","2025_03"
"Jičín",69,551,89,724,35,183,62,53,19,31,16,175,2007,32926,"celkem","správní obvod obce s rozšířenou působností","2025_03"
"Kostelec nad Orlicí",33,306,53,280,13,87,36,18,6,9,4,88,933,16971,"celkem","správní obvod obce s rozšířenou působností","2025_03"
"Náchod",115,805,147,636,42,239,101,54,20,27,24,219,2429,40082,"celkem","správní obvod obce s rozšířenou působností","2025_03"
"Nová Paka",14,143,33,108,8,44,6,7,4,2,4,30,403,8866,"celkem","správní obvod obce s rozšířenou působností","2025_03"
"Nové Město nad Metují",25,138,48,122,6,46,20,11,6,6,3,36,467,9721,"celkem","správní obvod obce s rozšířenou působností","2025_03"
"Nový Bydžov",42,205,50,248,16,83,25,31,4,18,11,89,822,12054,"celkem","správní obvod obce s rozšířenou působností","2025_03"
"Rychnov nad Kněžnou",33,278,63,323,16,121,56,22,10,7,10,107,1046,22923,"celkem","správní obvod obce s rozšířenou působností","2025_03"
"Trutnov",137,1352,152,886,71,297,103,87,37,36,29,306,3493,40846,"celkem","správní obvod obce s rozšířenou působností","2025_03"
"Vrchlabí",43,533,71,372,25,147,46,38,6,12,13,144,1450,17774,"celkem","správní obvod obce s rozšířenou působností","2025_03"
"Královéhradecký kraj",973,8386,1297,7035,445,2376,872,591,199,273,207,2003,24657,367427,"celkem","kraj","2025_03"
"Česká Lípa",174,942,190,710,61,376,154,68,26,44,26,482,3253,45677,"celkem","správní obvod obce s rozšířenou působností","2025_03"
"Frýdlant",40,259,66,273,16,94,54,18,6,12,17,160,1015,14533,"celkem","správní obvod obce s rozšířenou působností","2025_03"
"Jablonec nad Nisou",115,695,137,612,46,254,103,71,19,29,25,332,2438,35979,"celkem","správní obvod obce s rozšířenou působností","2025_03"
"Jilemnice",37,255,56,266,13,98,27,21,7,13,11,79,883,14953,"celkem","správní obvod obce s rozšířenou působností","2025_03"
"Liberec",235,1614,316,1574,106,548,226,129,46,70,56,659,5579,90920,"celkem","správní obvod obce s rozšířenou působností","2025_03"
"Nový Bor",54,312,96,258,19,118,46,31,13,10,11,148,1116,16646,"celkem","správní obvod obce s rozšířenou působností","2025_03"
"Semily",32,281,61,244,12,87,29,21,6,10,10,95,888,16978,"celkem","správní obvod obce s rozšířenou působností","2025_03"
"Tanvald",82,253,64,279,11,107,40,26,12,17,8,157,1056,12428,"celkem","správní obvod obce s rozšířenou působností","2025_03"
"Turnov",53,334,73,411,23,110,47,29,4,17,12,122,1235,22919,"celkem","správní obvod obce s rozšířenou působností","2025_03"
"Železný Brod",36,176,28,129,8,51,12,8,8,3,5,37,501,8093,"celkem","správní obvod obce s rozšířenou působností","2025_03"
"Liberecký kraj",858,5121,1087,4756,315,1843,738,422,147,225,181,2271,17964,279126,"celkem","kraj","2025_03"
"Bílovec",51,375,59,471,15,166,53,39,8,21,10,85,1353,16292,"celkem","správní obvod obce s rozšířenou působností","2025_03"
"Bohumín",85,503,92,671,34,184,82,83,17,33,16,199,1999,20203,"celkem","správní obvod obce s rozšířenou působností","2025_03"
"Bruntál",83,608,105,662,46,227,72,62,23,35,22,160,2105,20916,"celkem","správní obvod obce s rozšířenou působností","2025_03"
"Český Těšín",63,265,99,582,24,185,86,54,5,22,13,91,1489,15463,"celkem","správní obvod obce s rozšířenou působností","2025_03"
"Frenštát pod Radhoštěm",40,234,31,270,17,71,27,23,7,10,8,57,795,12577,"celkem","správní obvod obce s rozšířenou působností","2025_03"
"Frýdek-Místek",291,1188,286,2275,141,609,185,203,59,88,50,451,5826,73524,"celkem","správní obvod obce s rozšířenou působností","2025_03"
"Frýdlant nad Ostravicí",61,366,91,547,39,169,40,46,10,26,11,98,1504,17273,"celkem","správní obvod obce s rozšířenou působností","2025_03"
"Havířov",212,877,195,1275,95,425,161,154,48,66,49,459,4016,50018,"celkem","správní obvod obce s rozšířenou působností","2025_03"
"Hlučín",82,529,101,763,50,200,71,56,17,18,16,122,2025,26200,"celkem","správní obvod obce s rozšířenou působností","2025_03"
"Jablunkov",32,180,75,418,16,111,41,33,9,22,9,47,993,14585,"celkem","správní obvod obce s rozšířenou působností","2025_03"
"Karviná",146,616,163,1016,66,328,119,112,34,60,43,345,3048,35340,"celkem","správní obvod obce s rozšířenou působností","2025_03"
"Kopřivnice",81,476,103,654,38,171,56,58,8,26,14,116,1801,25608,"celkem","správní obvod obce s rozšířenou působností","2025_03"
"Kravaře",54,341,51,334,26,92,44,27,10,10,9,65,1063,14030,"celkem","správní obvod obce s rozšířenou působností","2025_03"
"Krnov",118,854,136,777,50,225,94,86,16,40,16,168,2580,23418,"celkem","správní obvod obce s rozšířenou působností","2025_03"
"Nový Jičín",140,628,145,965,56,255,87,68,31,38,18,182,2613,31303,"celkem","správní obvod obce s rozšířenou působností","2025_03"
"Odry",39,247,59,616,21,113,31,49,11,24,5,101,1316,10454,"celkem","správní obvod obce s rozšířenou působností","2025_03"
"Opava",206,1676,225,1666,97,486,147,150,46,75,31,262,5067,65298,"celkem","správní obvod obce s rozšířenou působností","2025_03"
"Orlová",97,474,100,678,52,207,86,77,30,33,20,242,2096,21196,"celkem","správní obvod obce s rozšířenou působností","2025_03"
"Ostrava",789,4762,745,6630,362,1721,578,622,154,226,171,1403,18163,186212,"celkem","správní obvod obce s rozšířenou působností","2025_03"
"Rýmařov",26,190,57,197,21,74,38,19,6,6,3,68,705,8848,"celkem","správní obvod obce s rozšířenou působností","2025_03"
"Třinec",85,614,180,914,44,241,74,83,20,35,22,124,2436,34641,"celkem","správní obvod obce s rozšířenou působností","2025_03"
"Vítkov",27,162,40,220,14,67,29,27,9,9,10,66,680,7878,"celkem","správní obvod obce s rozšířenou působností","2025_03"
"Moravskoslezský kraj",2808,16165,3138,22601,1324,6327,2201,2131,578,923,566,4911,63673,731277,"celkem","kraj","2025_03"
"Hranice",66,585,87,595,44,169,50,44,12,18,14,93,1777,22338,"celkem","správní obvod obce s rozšířenou působností","2025_03"
"Jeseník",72,755,162,534,47,260,100,52,25,27,12,138,2184,22758,"celkem","správní obvod obce s rozšířenou působností","2025_03"
"Konice",16,129,34,100,7,55,22,14,1,4,4,34,420,7883,"celkem","správní obvod obce s rozšířenou působností","2025_03"
"Lipník nad Bečvou",31,233,57,215,11,76,30,13,8,6,5,57,742,10012,"celkem","správní obvod obce s rozšířenou působností","2025_03"
"Litovel",24,200,55,167,9,84,28,14,4,10,5,76,676,15255,"celkem","správní obvod obce s rozšířenou působností","2025_03"
"Mohelnice",16,135,45,119,6,59,40,7,4,2,5,64,502,11896,"celkem","správní obvod obce s rozšířenou působností","2025_03"
"Olomouc",288,1610,380,1925,124,800,215,153,51,73,38,436,6093,106371,"celkem","správní obvod obce s rozšířenou působností","2025_03"
"Prostějov",194,1639,280,1081,79,376,129,98,25,38,34,362,4335,62799,"celkem","správní obvod obce s rozšířenou působností","2025_03"
"Přerov",124,997,196,810,48,334,125,61,25,54,34,321,3129,49005,"celkem","správní obvod obce s rozšířenou působností","2025_03"
"Šternberk",39,240,72,222,12,95,36,18,9,10,18,120,891,14783,"celkem","správní obvod obce s rozšířenou působností","2025_03"
"Šumperk",120,1158,204,672,47,310,136,59,21,37,38,217,3019,42672,"celkem","správní obvod obce s rozšířenou působností","2025_03"
"Uničov",34,200,58,195,10,79,40,13,8,16,7,78,738,14051,"celkem","správní obvod obce s rozšířenou působností","2025_03"
"Zábřeh",33,408,92,312,24,116,55,29,9,19,7,89,1193,20697,"celkem","správní obvod obce s rozšířenou působností","2025_03"
"Olomoucký kraj",1057,8289,1722,6947,468,2813,1006,575,202,314,221,2085,25699,400520,"celkem","kraj","2025_03"
"Česká Třebová",33,106,45,238,9,71,39,17,11,3,4,59,635,11110,"celkem","správní obvod obce s rozšířenou působností","2025_03"
"Hlinsko",46,278,54,300,22,118,42,22,5,8,3,49,947,14047,"celkem","správní obvod obce s rozšířenou působností","2025_03"
"Holice",41,354,38,365,22,93,35,36,5,20,7,47,1063,12349,"celkem","správní obvod obce s rozšířenou působností","2025_03"
"Chrudim",172,1118,177,1190,70,442,152,106,39,45,36,265,3812,56790,"celkem","správní obvod obce s rozšířenou působností","2025_03"
"Králíky",16,107,20,104,4,44,16,8,5,10,5,40,379,5290,"celkem","správní obvod obce s rozšířenou působností","2025_03"
"Lanškroun",30,214,41,224,12,95,36,12,5,3,11,97,780,14789,"celkem","správní obvod obce s rozšířenou působností","2025_03"
"Litomyšl",41,280,48,318,14,104,40,28,3,12,6,62,956,18308,"celkem","správní obvod obce s rozšířenou působností","2025_03"
"Moravská Třebová",29,339,64,269,22,119,38,22,13,11,12,119,1057,16053,"celkem","správní obvod obce s rozšířenou působností","2025_03"
"Pardubice",259,1937,300,1725,112,660,210,162,54,85,39,363,5906,86161,"celkem","správní obvod obce s rozšířenou působností","2025_03"
"Polička",35,197,41,145,15,71,32,6,9,8,4,44,607,12870,"celkem","správní obvod obce s rozšířenou působností","2025_03"
"Přelouč",37,334,46,286,19,124,47,27,7,11,8,99,1045,17357,"celkem","správní obvod obce s rozšířenou působností","2025_03"
"Svitavy",47,323,61,382,18,138,52,43,8,14,11,102,1199,19168,"celkem","správní obvod obce s rozšířenou působností","2025_03"
"Ústí nad Orlicí",61,226,69,314,18,100,50,34,12,8,9,42,943,17513,"celkem","správní obvod obce s rozšířenou působností","2025_03"
"Vysoké Mýto",61,387,73,411,28,160,60,39,14,13,16,104,1366,21308,"celkem","správní obvod obce s rozšířenou působností","2025_03"
"Žamberk",68,337,66,355,24,111,57,33,8,11,11,55,1136,19859,"celkem","správní obvod obce s rozšířenou působností","2025_03"
"Pardubický kraj",976,6537,1143,6626,409,2450,906,595,198,262,182,1547,21831,342972,"celkem","kraj","2025_03"
"Blovice",14,179,24,122,8,26,17,12,3,2,4,35,446,8725,"celkem","správní obvod obce s rozšířenou působností","2025_03"
"Domažlice",53,394,93,500,24,176,90,39,16,24,17,108,1534,27936,"celkem","správní obvod obce s rozšířenou působností","2025_03"
"Horažďovice",18,94,21,92,2,55,14,9,2,1,4,43,355,7924,"celkem","správní obvod obce s rozšířenou působností","2025_03"
"Horšovský Týn",21,191,37,187,9,75,20,15,5,12,4,69,645,10135,"celkem","správní obvod obce s rozšířenou působností","2025_03"
"Klatovy",72,620,105,480,36,189,72,32,17,15,16,142,1796,35288,"celkem","správní obvod obce s rozšířenou působností","2025_03"
"Kralovice",38,354,42,230,17,97,18,20,10,9,9,86,930,17537,"celkem","správní obvod obce s rozšířenou působností","2025_03"
"Nepomuk",27,151,32,112,11,40,21,7,4,3,2,53,463,8476,"celkem","správní obvod obce s rozšířenou působností","2025_03"
"Nýřany",90,1157,120,805,42,293,74,64,18,25,25,227,2940,40468,"celkem","správní obvod obce s rozšířenou působností","2025_03"
"Plzeň",321,3371,362,2266,147,796,283,206,90,104,79,673,8698,125847,"celkem","správní obvod obce s rozšířenou působností","2025_03"
"Přeštice",41,303,45,258,15,83,38,20,6,13,4,83,909,18524,"celkem","správní obvod obce s rozšířenou působností","2025_03"
"Rokycany",87,1210,105,877,42,273,95,71,22,30,16,141,2969,34575,"celkem","správní obvod obce s rozšířenou působností","2025_03"
"Stod",36,341,41,260,10,107,41,31,7,6,5,102,987,15343,"celkem","správní obvod obce s rozšířenou působností","2025_03"
"Stříbro",40,318,50,295,12,91,44,16,2,21,11,138,1038,13534,"celkem","správní obvod obce s rozšířenou působností","2025_03"
"Sušice",25,339,40,247,9,109,24,18,3,10,6,85,915,16288,"celkem","správní obvod obce s rozšířenou působností","2025_03"
"Tachov",90,589,113,789,47,202,119,66,14,27,24,182,2262,23711,"celkem","správní obvod obce s rozšířenou působností","2025_03"
"Plzeňský kraj",973,9611,1230,7520,431,2612,970,626,219,302,226,2167,26887,404311,"celkem","kraj","2025_03"
"Benešov",69,492,108,709,38,251,76,43,12,16,9,183,2006,41785,"celkem","správní obvod obce s rozšířenou působností","2025_03"
"Beroun",94,1230,168,859,44,472,108,78,12,37,16,262,3380,44829,"celkem","správní obvod obce s rozšířenou působností","2025_03"
"Brandýs nad Labem-Stará Boleslav",200,1548,255,1458,69,633,175,111,45,70,39,288,4891,77974,"celkem","správní obvod obce s rozšířenou působností","2025_03"
"Čáslav",44,391,54,238,17,104,32,30,9,8,6,90,1023,17478,"celkem","správní obvod obce s rozšířenou působností","2025_03"
"Černošice",254,1813,296,1961,104,717,218,145,32,59,51,320,5970,105219,"celkem","správní obvod obce s rozšířenou působností","2025_03"
"Český Brod",30,199,35,195,18,75,34,16,5,10,7,121,745,13375,"celkem","správní obvod obce s rozšířenou působností","2025_03"
"Dobříš",36,197,43,247,12,80,27,18,5,9,5,85,764,16078,"celkem","správní obvod obce s rozšířenou působností","2025_03"
"Hořovice",41,621,70,435,23,165,47,49,15,16,13,119,1614,21277,"celkem","správní obvod obce s rozšířenou působností","2025_03"
"Kladno",133,1116,247,1099,45,417,191,102,40,49,39,649,4127,79657,"celkem","správní obvod obce s rozšířenou působností","2025_03"
"Kolín",105,908,139,775,45,302,101,67,25,35,36,405,2943,54870,"celkem","správní obvod obce s rozšířenou působností","2025_03"
"Kralupy nad Vltavou",55,631,68,406,24,163,40,30,12,15,15,123,1582,21073,"celkem","správní obvod obce s rozšířenou působností","2025_03"
"Kutná Hora",100,657,112,471,42,183,72,38,19,20,18,177,1909,34394,"celkem","správní obvod obce s rozšířenou působností","2025_03"
"Lysá nad Labem",41,348,96,360,22,178,74,29,15,18,9,130,1320,18988,"celkem","správní obvod obce s rozšířenou působností","2025_03"
"Mělník",60,523,99,489,22,211,81,44,17,34,9,192,1781,31814,"celkem","správní obvod obce s rozšířenou působností","2025_03"
"Mladá Boleslav",156,940,312,1163,37,521,244,83,32,56,41,486,4071,74298,"celkem","správní obvod obce s rozšířenou působností","2025_03"
"Mnichovo Hradiště",43,159,55,172,10,66,21,9,6,9,7,70,627,12665,"celkem","správní obvod obce s rozšířenou působností","2025_03"
"Neratovice",41,595,86,372,29,141,52,42,16,24,21,135,1554,20705,"celkem","správní obvod obce s rozšířenou působností","2025_03"
"Nymburk",54,409,66,396,26,173,68,26,15,27,13,175,1448,27566,"celkem","správní obvod obce s rozšířenou působností","2025_03"
"Poděbrady",57,481,94,418,30,156,52,43,8,13,8,113,1473,21820,"celkem","správní obvod obce s rozšířenou působností","2025_03"
"Příbram",70,592,185,917,21,287,98,65,19,34,12,229,2529,47533,"celkem","správní obvod obce s rozšířenou působností","2025_03"
"Rakovník",94,694,118,535,36,220,105,52,18,24,23,229,2148,36901,"celkem","správní obvod obce s rozšířenou působností","2025_03"
"Říčany",158,928,151,1020,45,313,102,68,24,29,23,205,3066,51872,"celkem","správní obvod obce s rozšířenou působností","2025_03"
"Sedlčany",26,157,57,228,12,81,34,7,6,9,5,52,674,15494,"celkem","správní obvod obce s rozšířenou působností","2025_03"
"Slaný",63,347,85,396,12,184,51,41,11,24,13,258,1485,26774,"celkem","správní obvod obce s rozšířenou působností","2025_03"
"Vlašim",40,384,47,500,21,426,40,34,12,26,8,70,1608,17643,"celkem","správní obvod obce s rozšířenou působností","2025_03"
"Votice",4,108,25,136,3,35,19,6,1,1,5,48,391,8576,"celkem","správní obvod obce s rozšířenou působností","2025_03"
"Středočeský kraj",2068,16468,3071,15955,807,6554,2162,1276,431,672,451,5214,55129,940658,"celkem","kraj","2025_03"
"Bílina",51,352,40,233,19,97,34,35,10,19,18,137,1045,12711,"celkem","správní obvod obce s rozšířenou působností","2025_03"
"Děčín",163,915,230,656,57,363,143,58,30,49,43,391,3098,46336,"celkem","správní obvod obce s rozšířenou působností","2025_03"
"Chomutov",154,1146,206,1157,71,398,157,138,26,63,38,438,3992,48896,"celkem","správní obvod obce s rozšířenou působností","2025_03"
"Kadaň",66,514,79,493,25,180,87,45,19,29,15,178,1730,25154,"celkem","správní obvod obce s rozšířenou působností","2025_03"
"Litoměřice",64,707,128,578,34,210,102,57,14,32,16,303,2245,37364,"celkem","správní obvod obce s rozšířenou působností","2025_03"
"Litvínov",69,614,85,464,38,162,74,52,12,17,18,193,1798,22378,"celkem","správní obvod obce s rozšířenou působností","2025_03"
"Louny",77,821,107,604,42,232,90,65,22,38,21,245,2364,28072,"celkem","správní obvod obce s rozšířenou působností","2025_03"
"Lovosice",47,335,72,322,23,116,39,22,7,9,5,164,1161,19507,"celkem","správní obvod obce s rozšířenou působností","2025_03"
"Most",120,922,157,887,66,320,107,75,30,41,28,464,3217,45945,"celkem","správní obvod obce s rozšířenou působností","2025_03"
"Podbořany",23,289,40,208,9,71,25,20,9,13,14,88,809,9561,"celkem","správní obvod obce s rozšířenou působností","2025_03"
"Roudnice nad Labem",47,418,61,378,22,117,39,23,12,10,9,183,1319,21957,"celkem","správní obvod obce s rozšířenou působností","2025_03"
"Rumburk",42,353,75,381,14,134,89,40,10,14,26,251,1429,18463,"celkem","správní obvod obce s rozšířenou působností","2025_03"
"Teplice",200,1710,297,1223,110,452,200,150,47,64,71,534,5058,68918,"celkem","správní obvod obce s rozšířenou působností","2025_03"
"Ústí nad Labem",208,1551,276,1340,64,633,201,107,46,82,66,647,5221,69194,"celkem","správní obvod obce s rozšířenou působností","2025_03"
"Varnsdorf",29,187,47,156,7,76,31,17,7,6,14,135,712,11698,"celkem","správní obvod obce s rozšířenou působností","2025_03"
"Žatec",38,405,66,367,28,124,60,37,15,16,21,114,1291,16934,"celkem","správní obvod obce s rozšířenou působností","2025_03"
"Ústecký kraj",1398,11239,1966,9447,629,3685,1478,941,316,502,423,4465,36489,503088,"celkem","kraj","2025_03"
"Bystřice pod Hostýnem",21,137,43,137,9,35,19,11,4,4,4,66,490,9991,"celkem","správní obvod obce s rozšířenou působností","2025_03"
"Holešov",46,259,47,270,16,90,35,25,8,8,9,73,886,14284,"celkem","správní obvod obce s rozšířenou působností","2025_03"
"Kroměříž",142,1195,154,729,59,304,117,59,28,38,25,219,3069,43105,"celkem","správní obvod obce s rozšířenou působností","2025_03"
"Luhačovice",28,186,37,218,8,62,19,16,3,2,3,31,613,12410,"celkem","správní obvod obce s rozšířenou působností","2025_03"
"Otrokovice",76,461,78,368,28,162,62,34,14,11,15,85,1394,21643,"celkem","správní obvod obce s rozšířenou působností","2025_03"
"Rožnov pod Radhoštěm",51,398,77,445,19,144,62,29,9,15,8,130,1387,22844,"celkem","správní obvod obce s rozšířenou působností","2025_03"
"Uherské Hradiště",148,1056,184,904,57,408,143,76,44,37,26,207,3290,59017,"celkem","správní obvod obce s rozšířenou působností","2025_03"
"Uherský Brod",95,778,133,690,44,266,87,47,22,19,9,122,2312,33944,"celkem","správní obvod obce s rozšířenou působností","2025_03"
"Valašské Klobouky",50,194,70,296,15,87,38,25,5,9,5,46,840,14865,"celkem","správní obvod obce s rozšířenou působností","2025_03"
"Valašské Meziříčí",60,376,83,487,33,178,60,37,15,21,6,111,1467,27641,"celkem","správní obvod obce s rozšířenou působností","2025_03"
"Vizovice",30,239,36,209,6,75,36,15,5,10,1,41,703,11824,"celkem","správní obvod obce s rozšířenou působností","2025_03"
"Vsetín",131,774,161,765,51,272,105,80,35,26,17,203,2620,41910,"celkem","správní obvod obce s rozšířenou působností","2025_03"
"Zlín",176,1197,190,987,65,353,140,90,34,33,22,211,3498,66734,"celkem","správní obvod obce s rozšířenou působností","2025_03"
"Zlínský kraj",1054,7250,1293,6505,410,2436,923,544,226,233,150,1545,22569,380212,"celkem","kraj","2025_03"
"ČR",19313,133214,23733,131821,7712,48781,16854,11298,3644,5627,3832,38516,444345,7004964,"celkem","stát","2025_03"
"Hlavní město Praha",2175,9414,2054,11683,756,4404,1527,1135,362,595,354,3298,37757,498378,"muž","kraj","2025_03"
"Blatná",14,118,18,88,5,44,18,9,1,8,0,49,372,5986,"muž","správní obvod obce s rozšířenou působností","2025_03"
"České Budějovice",308,1754,279,1439,93,621,180,139,52,66,50,437,5418,59256,"muž","správní obvod obce s rozšířenou působností","2025_03"
"Český Krumlov",38,329,96,286,18,143,59,22,10,12,11,200,1224,14626,"muž","správní obvod obce s rozšířenou působností","2025_03"
"Dačice",20,96,34,114,9,53,34,5,6,1,2,52,426,6949,"muž","správní obvod obce s rozšířenou působností","2025_03"
"Jindřichův Hradec",81,518,95,313,37,150,68,24,16,17,12,199,1530,17899,"muž","správní obvod obce s rozšířenou působností","2025_03"
"Kaplice",24,119,50,144,16,73,40,6,5,8,5,104,594,7158,"muž","správní obvod obce s rozšířenou působností","2025_03"
"Milevsko",18,152,30,143,10,51,18,8,2,5,8,52,497,6750,"muž","správní obvod obce s rozšířenou působností","2025_03"
"Písek",85,542,93,428,35,202,60,37,17,14,15,139,1667,18776,"muž","správní obvod obce s rozšířenou působností","2025_03"
"Prachatice",44,276,63,246,20,131,48,25,8,11,18,151,1041,12531,"muž","správní obvod obce s rozšířenou působností","2025_03"
"Soběslav",40,198,41,200,14,92,20,12,10,12,5,59,703,7977,"muž","správní obvod obce s rozšířenou působností","2025_03"
"Strakonice",72,353,100,280,20,119,51,33,12,14,13,145,1212,16181,"muž","správní obvod obce s rozšířenou působností","2025_03"
"Tábor",59,695,135,685,24,209,103,55,17,32,20,209,2243,29006,"muž","správní obvod obce s rozšířenou působností","2025_03"
"Trhové Sviny",19,177,36,130,9,47,23,11,4,10,3,78,547,7184,"muž","správní obvod obce s rozšířenou působností","2025_03"
"Třeboň",34,320,74,214,21,87,34,24,7,16,7,92,930,8923,"muž","správní obvod obce s rozšířenou působností","2025_03"
"Týn nad Vltavou",18,155,25,111,5,45,16,13,3,8,4,64,467,5136,"muž","správní obvod obce s rozšířenou působností","2025_03"
"Vimperk",35,122,28,132,8,54,31,11,3,7,5,72,508,6434,"muž","správní obvod obce s rozšířenou působností","2025_03"
"Vodňany",14,99,23,96,5,56,16,11,2,8,4,35,369,4399,"muž","správní obvod obce s rozšířenou působností","2025_03"
"Jihočeský kraj",923,6023,1220,5049,349,2177,819,445,175,249,182,2137,19748,235171,"muž","kraj","2025_03"
"Blansko",62,365,89,375,27,133,68,20,13,15,17,110,1294,19963,"muž","správní obvod obce s rozšířenou působností","2025_03"
"Boskovice",49,485,92,391,24,161,61,42,12,20,10,120,1467,18372,"muž","správní obvod obce s rozšířenou působností","2025_03"
"Brno",684,2751,591,3459,203,1442,475,310,101,164,109,1021,11310,128101,"muž","správní obvod obce s rozšířenou působností","2025_03"
"Břeclav",68,671,127,1196,41,304,99,71,15,28,17,150,2787,20987,"muž","správní obvod obce s rozšířenou působností","2025_03"
"Bučovice",27,127,26,171,10,53,23,20,1,12,6,38,514,5893,"muž","správní obvod obce s rozšířenou působností","2025_03"
"Hodonín",67,523,100,448,26,214,76,44,8,23,17,180,1726,21318,"muž","správní obvod obce s rozšířenou působností","2025_03"
"Hustopeče",31,399,50,601,21,166,49,44,13,18,8,99,1499,13033,"muž","správní obvod obce s rozšířenou působností","2025_03"
"Ivančice",20,146,29,178,9,70,36,15,6,8,10,75,602,8816,"muž","správní obvod obce s rozšířenou působností","2025_03"
"Kuřim",35,131,39,170,7,50,22,10,4,6,8,57,539,8042,"muž","správní obvod obce s rozšířenou působností","2025_03"
"Kyjov",49,411,72,411,21,199,56,29,8,28,15,126,1425,19816,"muž","správní obvod obce s rozšířenou působností","2025_03"
"Mikulov",18,222,44,282,14,92,39,21,6,11,7,78,834,7054,"muž","správní obvod obce s rozšířenou působností","2025_03"
"Moravský Krumlov",27,157,39,147,19,48,36,18,7,7,4,67,576,8275,"muž","správní obvod obce s rozšířenou působností","2025_03"
"Pohořelice",24,247,30,259,9,70,19,11,3,9,6,51,738,5250,"muž","správní obvod obce s rozšířenou působností","2025_03"
"Rosice",46,356,57,507,18,289,42,35,8,20,4,98,1480,9269,"muž","správní obvod obce s rozšířenou působností","2025_03"
"Slavkov u Brna",30,176,46,239,8,85,28,16,3,6,4,54,695,8515,"muž","správní obvod obce s rozšířenou působností","2025_03"
"Šlapanice",135,680,124,853,51,426,74,66,10,42,5,129,2595,24798,"muž","správní obvod obce s rozšířenou působností","2025_03"
"Tišnov",33,205,51,189,9,63,35,19,5,7,3,52,671,11331,"muž","správní obvod obce s rozšířenou působností","2025_03"
"Veselí nad Moravou",57,276,55,281,23,142,57,31,11,12,9,100,1054,13391,"muž","správní obvod obce s rozšířenou působností","2025_03"
"Vyškov",65,698,85,760,33,221,84,72,17,28,14,129,2206,18429,"muž","správní obvod obce s rozšířenou působností","2025_03"
"Znojmo",98,762,177,682,40,278,115,60,21,35,27,250,2545,32348,"muž","správní obvod obce s rozšířenou působností","2025_03"
"Židlochovice",48,425,54,404,19,318,54,31,7,22,9,75,1466,11556,"muž","správní obvod obce s rozšířenou působností","2025_03"
"Jihomoravský kraj",1673,10213,1977,12003,632,4824,1548,985,279,521,309,3059,38023,414557,"muž","kraj","2025_03"
"Aš",12,115,32,110,3,59,26,11,3,9,8,102,490,5816,"muž","správní obvod obce s rozšířenou působností","2025_03"
"Cheb",65,485,103,368,28,202,67,39,7,23,35,221,1643,17260,"muž","správní obvod obce s rozšířenou působností","2025_03"
"Karlovy Vary",135,798,164,867,73,333,116,95,22,49,27,383,3062,31821,"muž","správní obvod obce s rozšířenou působností","2025_03"
"Kraslice",16,129,27,93,13,50,20,8,3,4,6,91,460,4378,"muž","správní obvod obce s rozšířenou působností","2025_03"
"Mariánské Lázně",23,193,48,193,6,74,52,15,5,7,14,111,741,8238,"muž","správní obvod obce s rozšířenou působností","2025_03"
"Ostrov",31,280,56,232,16,97,29,30,5,9,12,110,907,9713,"muž","správní obvod obce s rozšířenou působností","2025_03"
"Sokolov",78,683,132,656,43,227,103,77,20,34,37,509,2599,26006,"muž","správní obvod obce s rozšířenou působností","2025_03"
"Karlovarský kraj",360,2683,562,2519,182,1042,413,275,65,135,139,1527,9902,103232,"muž","kraj","2025_03"
"Bystřice nad Pernštejnem",16,130,27,94,8,74,29,7,3,4,3,29,424,7282,"muž","správní obvod obce s rozšířenou působností","2025_03"
"Havlíčkův Brod",93,835,92,628,28,361,51,50,14,32,12,131,2327,19141,"muž","správní obvod obce s rozšířenou působností","2025_03"
"Humpolec",42,367,32,328,16,286,26,30,11,22,1,47,1208,6771,"muž","správní obvod obce s rozšířenou působností","2025_03"
"Chotěboř",24,203,26,122,14,64,27,10,2,4,4,50,550,8088,"muž","správní obvod obce s rozšířenou působností","2025_03"
"Jihlava",147,1050,188,1382,51,780,120,91,30,75,26,214,4154,35683,"muž","správní obvod obce s rozšířenou působností","2025_03"
"Moravské Budějovice",39,230,71,264,18,97,55,17,6,7,5,65,874,8575,"muž","správní obvod obce s rozšířenou působností","2025_03"
"Náměšť nad Oslavou",13,86,16,84,9,25,7,2,5,5,2,32,286,5070,"muž","správní obvod obce s rozšířenou působností","2025_03"
"Nové Město na Moravě",16,115,19,122,4,36,15,9,0,0,4,28,368,7135,"muž","správní obvod obce s rozšířenou působností","2025_03"
"Pacov",14,68,8,63,7,30,9,6,3,2,3,22,235,3493,"muž","správní obvod obce s rozšířenou působností","2025_03"
"Pelhřimov",73,408,88,323,26,146,39,24,9,14,8,121,1279,16535,"muž","správní obvod obce s rozšířenou působností","2025_03"
"Světlá nad Sázavou",21,227,26,103,8,53,14,12,5,7,3,50,529,7202,"muž","správní obvod obce s rozšířenou působností","2025_03"
"Telč",17,86,37,87,5,40,15,7,2,2,2,39,339,4808,"muž","správní obvod obce s rozšířenou působností","2025_03"
"Třebíč",109,643,119,614,42,210,76,50,24,25,19,120,2051,27420,"muž","správní obvod obce s rozšířenou působností","2025_03"
"Velké Meziříčí",72,753,72,823,31,571,61,49,8,51,10,90,2591,13369,"muž","správní obvod obce s rozšířenou působností","2025_03"
"Žďár nad Sázavou",46,342,60,237,15,120,43,15,11,13,10,67,979,15551,"muž","správní obvod obce s rozšířenou působností","2025_03"
"Kraj Vysočina",742,5543,881,5274,282,2893,587,379,133,263,112,1105,18194,186123,"muž","kraj","2025_03"
"Broumov",17,299,41,143,9,56,42,11,8,8,16,84,734,5192,"muž","správní obvod obce s rozšířenou působností","2025_03"
"Dobruška",18,175,34,133,4,42,36,12,6,11,5,43,519,7223,"muž","správní obvod obce s rozšířenou působností","2025_03"
"Dvůr Králové nad Labem",44,355,50,277,21,111,45,22,8,9,6,106,1054,9767,"muž","správní obvod obce s rozšířenou působností","2025_03"
"Hořice",24,205,39,180,10,80,23,16,5,8,5,54,649,6630,"muž","správní obvod obce s rozšířenou působností","2025_03"
"Hradec Králové",241,1685,273,1635,119,554,182,154,45,62,47,368,5365,50895,"muž","správní obvod obce s rozšířenou působností","2025_03"
"Jaroměř",38,280,55,328,24,107,39,21,9,12,7,71,991,6584,"muž","správní obvod obce s rozšířenou působností","2025_03"
"Jičín",53,405,79,569,28,147,52,49,16,28,15,163,1604,17552,"muž","správní obvod obce s rozšířenou působností","2025_03"
"Kostelec nad Orlicí",29,236,43,227,10,74,29,17,4,8,4,77,758,9129,"muž","správní obvod obce s rozšířenou působností","2025_03"
"Náchod",93,597,131,502,34,210,90,50,17,23,20,193,1960,21138,"muž","správní obvod obce s rozšířenou působností","2025_03"
"Nová Paka",11,105,32,76,6,39,5,6,3,2,4,29,318,4721,"muž","správní obvod obce s rozšířenou působností","2025_03"
"Nové Město nad Metují",23,104,37,101,6,35,19,11,6,5,3,36,386,5099,"muž","správní obvod obce s rozšířenou působností","2025_03"
"Nový Bydžov",39,143,39,205,15,70,22,27,3,16,9,80,668,6396,"muž","správní obvod obce s rozšířenou působností","2025_03"
"Rychnov nad Kněžnou",29,216,56,254,14,107,51,21,10,7,10,94,869,12161,"muž","správní obvod obce s rozšířenou působností","2025_03"
"Trutnov",119,1009,129,676,61,251,89,74,34,32,27,277,2778,21851,"muž","správní obvod obce s rozšířenou působností","2025_03"
"Vrchlabí",39,392,56,268,20,121,32,32,6,11,12,128,1117,9434,"muž","správní obvod obce s rozšířenou působností","2025_03"
"Královéhradecký kraj",817,6206,1094,5574,381,2004,756,523,180,242,190,1803,19770,193772,"muž","kraj","2025_03"
"Česká Lípa",134,698,154,554,50,315,139,57,23,39,23,441,2627,24995,"muž","správní obvod obce s rozšířenou působností","2025_03"
"Frýdlant",34,205,56,233,13,79,50,17,6,9,14,144,860,8133,"muž","správní obvod obce s rozšířenou působností","2025_03"
"Jablonec nad Nisou",91,510,116,483,37,212,90,65,18,28,19,307,1976,18917,"muž","správní obvod obce s rozšířenou působností","2025_03"
"Jilemnice",29,182,46,208,12,86,27,18,6,11,10,69,704,8046,"muž","správní obvod obce s rozšířenou působností","2025_03"
"Liberec",198,1280,282,1272,94,481,199,117,43,66,49,600,4681,48811,"muž","správní obvod obce s rozšířenou působností","2025_03"
"Nový Bor",43,222,81,206,16,97,40,27,11,9,10,129,891,9009,"muž","správní obvod obce s rozšířenou působností","2025_03"
"Semily",29,202,50,200,11,74,27,18,5,8,8,84,716,9131,"muž","správní obvod obce s rozšířenou působností","2025_03"
"Tanvald",70,190,58,228,9,88,33,21,12,16,6,148,879,6875,"muž","správní obvod obce s rozšířenou působností","2025_03"
"Turnov",47,262,58,326,22,94,42,28,4,13,12,109,1017,11942,"muž","správní obvod obce s rozšířenou působností","2025_03"
"Železný Brod",29,132,23,100,7,40,11,8,8,3,4,32,397,4306,"muž","správní obvod obce s rozšířenou působností","2025_03"
"Liberecký kraj",704,3883,924,3810,271,1566,658,376,136,202,155,2063,14748,150165,"muž","kraj","2025_03"
"Bílovec",39,293,48,362,13,149,44,30,6,19,9,78,1090,8673,"muž","správní obvod obce s rozšířenou působností","2025_03"
"Bohumín",72,370,79,512,33,155,77,66,17,31,14,186,1612,11014,"muž","správní obvod obce s rozšířenou působností","2025_03"
"Bruntál",67,506,94,571,42,203,65,55,22,31,17,146,1819,11653,"muž","správní obvod obce s rozšířenou působností","2025_03"
"Český Těšín",50,196,92,457,23,167,80,47,5,15,13,85,1230,8341,"muž","správní obvod obce s rozšířenou působností","2025_03"
"Frenštát pod Radhoštěm",34,177,26,217,14,54,23,18,6,10,7,52,638,6735,"muž","správní obvod obce s rozšířenou působností","2025_03"
"Frýdek-Místek",237,865,239,1708,120,514,155,164,50,78,42,419,4591,39159,"muž","správní obvod obce s rozšířenou působností","2025_03"
"Frýdlant nad Ostravicí",48,271,71,415,34,136,33,41,9,24,10,87,1179,9073,"muž","správní obvod obce s rozšířenou působností","2025_03"
"Havířov",172,679,167,1005,82,350,145,124,44,56,46,424,3294,27448,"muž","správní obvod obce s rozšířenou působností","2025_03"
"Hlučín",66,378,83,566,43,155,62,43,17,15,15,112,1555,14166,"muž","správní obvod obce s rozšířenou působností","2025_03"
"Jablunkov",27,148,62,331,15,100,37,32,8,19,9,45,833,7894,"muž","správní obvod obce s rozšířenou působností","2025_03"
"Karviná",115,472,140,787,58,285,105,96,29,51,41,320,2499,20253,"muž","správní obvod obce s rozšířenou působností","2025_03"
"Kopřivnice",62,355,86,509,32,152,49,45,8,24,12,108,1442,13701,"muž","správní obvod obce s rozšířenou působností","2025_03"
"Kravaře",46,253,49,235,20,76,37,25,9,9,8,62,829,7607,"muž","správní obvod obce s rozšířenou působností","2025_03"
"Krnov",103,673,117,653,40,189,83,79,15,36,16,158,2162,12913,"muž","správní obvod obce s rozšířenou působností","2025_03"
"Nový Jičín",116,467,124,784,52,217,70,58,30,36,18,168,2140,16757,"muž","správní obvod obce s rozšířenou působností","2025_03"
"Odry",34,197,48,554,17,101,26,44,9,22,5,98,1155,5676,"muž","správní obvod obce s rozšířenou působností","2025_03"
"Opava",161,1205,185,1276,88,386,128,133,44,68,26,246,3946,34697,"muž","správní obvod obce s rozšířenou působností","2025_03"
"Orlová",72,340,87,526,48,175,73,64,27,28,20,221,1681,11621,"muž","správní obvod obce s rozšířenou působností","2025_03"
"Ostrava",637,3676,626,5454,320,1451,505,544,139,199,152,1292,14995,101823,"muž","správní obvod obce s rozšířenou působností","2025_03"
"Rýmařov",19,155,49,149,20,63,34,18,5,6,3,65,586,5005,"muž","správní obvod obce s rozšířenou působností","2025_03"
"Třinec",68,458,145,672,40,210,63,71,18,26,20,103,1894,18489,"muž","správní obvod obce s rozšířenou působností","2025_03"
"Vítkov",26,128,33,179,14,59,27,24,8,8,9,62,577,4403,"muž","správní obvod obce s rozšířenou působností","2025_03"
"Moravskoslezský kraj",2271,12262,2650,17922,1168,5347,1921,1821,525,811,512,4537,51747,397101,"muž","kraj","2025_03"
"Hranice",58,457,78,508,36,143,46,39,9,17,14,85,1490,12020,"muž","správní obvod obce s rozšířenou působností","2025_03"
"Jeseník",66,605,135,441,43,229,90,50,22,26,11,120,1838,12647,"muž","správní obvod obce s rozšířenou působností","2025_03"
"Konice",16,99,31,78,7,50,20,13,1,4,3,34,356,4399,"muž","správní obvod obce s rozšířenou působností","2025_03"
"Lipník nad Bečvou",27,168,52,185,9,64,24,13,8,6,4,50,610,5388,"muž","správní obvod obce s rozšířenou působností","2025_03"
"Litovel",20,157,50,126,8,65,25,12,4,10,2,73,552,8256,"muž","správní obvod obce s rozšířenou působností","2025_03"
"Mohelnice",15,101,33,95,5,52,31,7,4,2,4,59,408,6501,"muž","správní obvod obce s rozšířenou působností","2025_03"
"Olomouc",217,1196,303,1550,109,676,186,137,44,64,34,389,4905,56003,"muž","správní obvod obce s rozšířenou působností","2025_03"
"Prostějov",151,1242,238,863,67,315,107,86,20,35,30,317,3471,33369,"muž","správní obvod obce s rozšířenou působností","2025_03"
"Přerov",112,753,162,683,45,283,112,54,24,49,32,301,2610,26651,"muž","správní obvod obce s rozšířenou působností","2025_03"
"Šternberk",37,181,61,183,10,86,30,15,8,10,15,108,744,8066,"muž","správní obvod obce s rozšířenou působností","2025_03"
"Šumperk",99,807,182,544,44,264,116,51,20,34,33,193,2387,23017,"muž","správní obvod obce s rozšířenou působností","2025_03"
"Uničov",28,147,49,147,10,69,31,11,8,16,6,66,588,7660,"muž","správní obvod obce s rozšířenou působností","2025_03"
"Zábřeh",25,313,80,253,20,99,51,24,9,19,7,83,983,11197,"muž","správní obvod obce s rozšířenou působností","2025_03"
"Olomoucký kraj",871,6226,1454,5656,413,2395,869,512,181,292,195,1878,20942,215174,"muž","kraj","2025_03"
"Česká Třebová",25,77,39,193,7,59,33,15,8,3,4,55,518,5992,"muž","správní obvod obce s rozšířenou působností","2025_03"
"Hlinsko",42,210,48,240,21,104,35,21,5,7,3,44,780,7736,"muž","správní obvod obce s rozšířenou působností","2025_03"
"Holice",33,241,34,275,20,69,32,31,3,18,7,42,805,6503,"muž","správní obvod obce s rozšířenou působností","2025_03"
"Chrudim",139,811,147,926,55,360,132,91,33,42,30,239,3005,30006,"muž","správní obvod obce s rozšířenou působností","2025_03"
"Králíky",14,86,14,78,3,34,14,6,4,10,5,38,306,2920,"muž","správní obvod obce s rozšířenou působností","2025_03"
"Lanškroun",23,160,35,184,10,83,28,11,4,2,9,87,636,7897,"muž","správní obvod obce s rozšířenou působností","2025_03"
"Litomyšl",32,205,41,258,12,88,37,25,3,10,5,54,770,9796,"muž","správní obvod obce s rozšířenou působností","2025_03"
"Moravská Třebová",26,263,56,224,19,96,31,19,13,11,11,112,881,8963,"muž","správní obvod obce s rozšířenou působností","2025_03"
"Pardubice",210,1372,253,1351,96,563,196,135,51,76,36,320,4659,45189,"muž","správní obvod obce s rozšířenou působností","2025_03"
"Polička",30,155,36,123,14,62,27,5,8,8,4,37,509,7005,"muž","správní obvod obce s rozšířenou působností","2025_03"
"Přelouč",28,251,40,226,16,107,46,23,6,9,5,94,851,9353,"muž","správní obvod obce s rozšířenou působností","2025_03"
"Svitavy",42,234,50,311,17,125,50,39,7,13,11,94,993,10560,"muž","správní obvod obce s rozšířenou působností","2025_03"
"Ústí nad Orlicí",47,182,57,233,16,83,43,29,10,7,9,38,754,9373,"muž","správní obvod obce s rozšířenou působností","2025_03"
"Vysoké Mýto",49,285,54,308,24,137,57,32,13,12,13,93,1077,11324,"muž","správní obvod obce s rozšířenou působností","2025_03"
"Žamberk",55,238,55,271,22,96,49,28,7,9,11,52,893,10695,"muž","správní obvod obce s rozšířenou působností","2025_03"
"Pardubický kraj",795,4770,959,5201,352,2066,810,510,175,237,163,1399,17437,183312,"muž","kraj","2025_03"
"Blovice",10,124,20,97,7,20,13,9,2,1,3,33,339,4758,"muž","správní obvod obce s rozšířenou působností","2025_03"
"Domažlice",44,285,72,395,20,154,77,36,15,22,16,95,1231,14889,"muž","správní obvod obce s rozšířenou působností","2025_03"
"Horažďovice",16,75,15,71,2,49,13,9,0,1,4,42,297,4275,"muž","správní obvod obce s rozšířenou působností","2025_03"
"Horšovský Týn",18,153,30,152,7,67,15,14,4,12,4,62,538,5546,"muž","správní obvod obce s rozšířenou působností","2025_03"
"Klatovy",57,463,86,394,30,159,60,30,15,14,11,123,1442,18542,"muž","správní obvod obce s rozšířenou působností","2025_03"
"Kralovice",24,258,36,176,15,75,14,18,7,8,9,79,719,9985,"muž","správní obvod obce s rozšířenou působností","2025_03"
"Nepomuk",22,116,28,91,11,34,17,6,4,3,2,46,380,4857,"muž","správní obvod obce s rozšířenou působností","2025_03"
"Nýřany",74,787,106,626,34,243,64,50,16,23,21,208,2252,21451,"muž","správní obvod obce s rozšířenou působností","2025_03"
"Plzeň",270,2498,315,1825,132,679,243,178,89,98,72,603,7002,67679,"muž","správní obvod obce s rozšířenou působností","2025_03"
"Přeštice",34,223,36,192,11,73,33,16,6,9,4,72,709,10861,"muž","správní obvod obce s rozšířenou působností","2025_03"
"Rokycany",81,890,90,705,36,236,81,63,19,25,15,129,2370,18923,"muž","správní obvod obce s rozšířenou působností","2025_03"
"Stod",30,254,32,206,7,97,34,28,7,6,5,91,797,8292,"muž","správní obvod obce s rozšířenou působností","2025_03"
"Stříbro",31,238,42,238,11,76,39,16,2,18,9,125,845,8226,"muž","správní obvod obce s rozšířenou působností","2025_03"
"Sušice",22,262,35,183,7,82,19,17,3,8,5,79,722,8696,"muž","správní obvod obce s rozšířenou působností","2025_03"
"Tachov",73,457,100,606,40,174,105,62,11,27,22,164,1841,13138,"muž","správní obvod obce s rozšířenou působností","2025_03"
"Plzeňský kraj",806,7083,1043,5957,370,2218,827,552,200,275,202,1951,21484,220118,"muž","kraj","2025_03"
"Benešov",56,390,92,553,32,219,66,38,11,11,9,168,1645,22164,"muž","správní obvod obce s rozšířenou působností","2025_03"
"Beroun",71,849,144,661,40,396,97,67,11,35,16,233,2620,23364,"muž","správní obvod obce s rozšířenou působností","2025_03"
"Brandýs nad Labem-Stará Boleslav",161,1101,222,1132,63,536,148,95,40,65,35,258,3856,40659,"muž","správní obvod obce s rozšířenou působností","2025_03"
"Čáslav",31,279,46,180,13,88,25,26,9,6,5,79,787,9371,"muž","správní obvod obce s rozšířenou působností","2025_03"
"Černošice",190,1274,252,1481,88,594,189,129,28,54,45,286,4610,54320,"muž","správní obvod obce s rozšířenou působností","2025_03"
"Český Brod",23,148,26,156,18,58,29,15,4,9,5,105,596,6980,"muž","správní obvod obce s rozšířenou působností","2025_03"
"Dobříš",30,153,35,200,11,65,24,15,5,8,2,77,625,8348,"muž","správní obvod obce s rozšířenou působností","2025_03"
"Hořovice",35,423,60,342,18,140,41,41,12,15,12,106,1245,11557,"muž","správní obvod obce s rozšířenou působností","2025_03"
"Kladno",105,806,203,865,36,346,172,94,37,44,39,583,3330,42313,"muž","správní obvod obce s rozšířenou působností","2025_03"
"Kolín",85,659,124,619,37,261,89,62,22,34,34,357,2383,29418,"muž","správní obvod obce s rozšířenou působností","2025_03"
"Kralupy nad Vltavou",45,464,60,317,23,143,35,25,10,12,12,103,1249,11335,"muž","správní obvod obce s rozšířenou působností","2025_03"
"Kutná Hora",86,475,97,360,35,149,62,32,17,18,17,156,1504,18541,"muž","správní obvod obce s rozšířenou působností","2025_03"
"Lysá nad Labem",31,246,73,281,19,157,68,24,13,16,9,120,1057,10245,"muž","správní obvod obce s rozšířenou působností","2025_03"
"Mělník",47,387,88,383,21,182,67,37,16,32,9,169,1438,17633,"muž","správní obvod obce s rozšířenou působností","2025_03"
"Mladá Boleslav",132,657,269,919,28,449,226,74,30,53,39,443,3319,40505,"muž","správní obvod obce s rozšířenou působností","2025_03"
"Mnichovo Hradiště",34,106,45,137,9,55,20,9,5,7,7,57,491,6729,"muž","správní obvod obce s rozšířenou působností","2025_03"
"Neratovice",32,406,72,276,27,124,47,34,16,21,19,122,1196,11116,"muž","správní obvod obce s rozšířenou působností","2025_03"
"Nymburk",45,310,59,318,22,150,59,24,14,25,11,157,1194,14761,"muž","správní obvod obce s rozšířenou působností","2025_03"
"Poděbrady",43,355,79,338,27,130,42,39,8,12,8,96,1177,11399,"muž","správní obvod obce s rozšířenou působností","2025_03"
"Příbram",60,450,150,729,19,239,90,58,16,34,9,209,2063,25103,"muž","správní obvod obce s rozšířenou působností","2025_03"
"Rakovník",78,524,94,437,32,189,79,46,17,21,23,207,1747,20056,"muž","správní obvod obce s rozšířenou působností","2025_03"
"Říčany",126,656,128,794,37,276,94,57,22,23,20,178,2411,26710,"muž","správní obvod obce s rozšířenou působností","2025_03"
"Sedlčany",24,115,42,173,10,73,32,6,6,8,5,44,538,8114,"muž","správní obvod obce s rozšířenou působností","2025_03"
"Slaný",49,255,71,312,11,159,38,34,10,23,13,236,1211,14316,"muž","správní obvod obce s rozšířenou působností","2025_03"
"Vlašim",34,329,43,452,19,405,38,30,12,24,8,64,1458,9555,"muž","správní obvod obce s rozšířenou působností","2025_03"
"Votice",3,74,21,111,3,30,17,5,1,1,5,38,309,4565,"muž","správní obvod obce s rozšířenou působností","2025_03"
"Středočeský kraj",1656,11891,2595,12526,698,5613,1894,1116,392,611,416,4651,44059,499177,"muž","kraj","2025_03"
"Bílina",45,261,35,194,18,84,30,29,9,17,15,127,864,7690,"muž","správní obvod obce s rozšířenou působností","2025_03"
"Děčín",132,687,192,522,48,298,123,55,27,40,40,351,2515,25928,"muž","správní obvod obce s rozšířenou působností","2025_03"
"Chomutov",124,804,186,892,56,327,134,123,22,58,35,396,3157,27546,"muž","správní obvod obce s rozšířenou působností","2025_03"
"Kadaň",57,385,75,395,22,151,82,42,18,27,14,169,1437,14020,"muž","správní obvod obce s rozšířenou působností","2025_03"
"Litoměřice",57,506,97,435,30,175,81,48,12,30,15,281,1767,19856,"muž","správní obvod obce s rozšířenou působností","2025_03"
"Litvínov",54,413,70,344,32,132,58,46,8,15,17,183,1372,12808,"muž","správní obvod obce s rozšířenou působností","2025_03"
"Louny",62,596,93,484,38,192,77,60,18,31,21,227,1899,15097,"muž","správní obvod obce s rozšířenou působností","2025_03"
"Lovosice",41,259,60,271,20,108,38,20,6,8,5,150,986,11336,"muž","správní obvod obce s rozšířenou působností","2025_03"
"Most",98,700,130,693,58,284,91,67,28,36,26,430,2641,27428,"muž","správní obvod obce s rozšířenou působností","2025_03"
"Podbořany",15,211,35,176,7,63,22,18,8,12,13,78,658,5356,"muž","správní obvod obce s rozšířenou působností","2025_03"
"Roudnice nad Labem",42,329,54,303,19,99,33,18,12,6,7,163,1085,11633,"muž","správní obvod obce s rozšířenou působností","2025_03"
"Rumburk",37,265,68,289,13,121,79,35,7,14,22,223,1173,10203,"muž","správní obvod obce s rozšířenou působností","2025_03"
"Teplice",163,1188,233,962,93,383,177,131,40,56,68,483,3977,38485,"muž","správní obvod obce s rozšířenou působností","2025_03"
"Ústí nad Labem",181,1210,244,1131,59,559,173,101,42,73,61,592,4426,38165,"muž","správní obvod obce s rozšířenou působností","2025_03"
"Varnsdorf",28,148,37,120,6,61,26,16,7,6,13,124,592,6409,"muž","správní obvod obce s rozšířenou působností","2025_03"
"Žatec",32,291,58,275,24,102,54,29,10,13,21,102,1011,9174,"muž","správní obvod obce s rozšířenou působností","2025_03"
"Ústecký kraj",1168,8253,1667,7486,543,3139,1278,838,274,442,393,4079,29560,281134,"muž","kraj","2025_03"
"Bystřice pod Hostýnem",16,96,33,105,8,31,17,9,2,3,4,64,388,5373,"muž","správní obvod obce s rozšířenou působností","2025_03"
"Holešov",36,189,38,183,15,78,31,24,8,7,9,68,686,7661,"muž","správní obvod obce s rozšířenou působností","2025_03"
"Kroměříž",117,831,128,567,51,248,95,50,22,33,21,199,2362,23007,"muž","správní obvod obce s rozšířenou působností","2025_03"
"Luhačovice",22,149,32,182,8,53,15,16,3,2,3,27,512,6723,"muž","správní obvod obce s rozšířenou působností","2025_03"
"Otrokovice",62,341,69,268,25,123,51,32,14,9,11,77,1082,11637,"muž","správní obvod obce s rozšířenou působností","2025_03"
"Rožnov pod Radhoštěm",47,301,66,348,16,125,46,25,9,14,8,122,1127,12224,"muž","správní obvod obce s rozšířenou působností","2025_03"
"Uherské Hradiště",108,796,152,702,55,335,127,70,33,32,22,185,2617,31523,"muž","správní obvod obce s rozšířenou působností","2025_03"
"Uherský Brod",76,652,119,590,40,242,76,42,22,17,9,108,1993,18608,"muž","správní obvod obce s rozšířenou působností","2025_03"
"Valašské Klobouky",40,155,63,241,14,80,36,21,5,9,5,45,714,8232,"muž","správní obvod obce s rozšířenou působností","2025_03"
"Valašské Meziříčí",46,287,68,383,33,147,52,33,14,16,6,98,1183,14742,"muž","správní obvod obce s rozšířenou působností","2025_03"
"Vizovice",26,170,33,158,5,66,32,15,5,8,1,36,555,6278,"muž","správní obvod obce s rozšířenou působností","2025_03"
"Vsetín",111,589,137,618,40,227,94,74,31,25,17,182,2145,23308,"muž","správní obvod obce s rozšířenou působností","2025_03"
"Zlín",140,886,152,751,59,302,118,77,33,29,21,190,2758,34868,"muž","správní obvod obce s rozšířenou působností","2025_03"
"Zlínský kraj",847,5442,1090,5096,369,2057,790,488,201,204,137,1401,18122,204184,"muž","kraj","2025_03"
"ČR",15808,99892,20170,105756,6766,41745,14697,9955,3278,5079,3459,34888,361493,3781598,"muž","stát","2025_03"
"Hlavní město Praha",399,2517,302,2542,73,722,225,130,31,38,35,378,7392,415031,"žena","kraj","2025_03"
"Blatná",1,21,4,22,1,10,2,0,0,1,0,5,67,4515,"žena","správní obvod obce s rozšířenou působností","2025_03"
"České Budějovice",92,719,53,476,23,149,37,21,2,6,5,54,1637,54159,"žena","správní obvod obce s rozšířenou působností","2025_03"
"Český Krumlov",9,119,18,74,4,47,5,6,2,2,4,19,309,12554,"žena","správní obvod obce s rozšířenou působností","2025_03"
"Dačice",5,24,9,33,0,7,4,1,0,1,0,2,86,5736,"žena","správní obvod obce s rozšířenou působností","2025_03"
"Jindřichův Hradec",22,223,12,75,9,31,12,6,1,2,4,23,420,15072,"žena","správní obvod obce s rozšířenou působností","2025_03"
"Kaplice",7,26,9,44,2,9,4,2,0,1,2,12,118,5913,"žena","správní obvod obce s rozšířenou působností","2025_03"
"Milevsko",3,51,10,48,1,8,1,1,0,0,0,2,125,5907,"žena","správní obvod obce s rozšířenou působností","2025_03"
"Písek",24,214,24,109,6,40,11,7,3,1,1,19,459,16891,"žena","správní obvod obce s rozšířenou působností","2025_03"
"Prachatice",8,91,13,72,2,13,9,2,2,3,0,9,224,10397,"žena","správní obvod obce s rozšířenou působností","2025_03"
"Soběslav",6,87,4,56,1,11,9,2,2,2,0,10,190,7017,"žena","správní obvod obce s rozšířenou působností","2025_03"
"Strakonice",25,116,14,79,6,22,4,2,0,1,0,10,279,14428,"žena","správní obvod obce s rozšířenou působností","2025_03"
"Tábor",16,249,20,189,4,42,14,5,3,6,5,16,569,25455,"žena","správní obvod obce s rozšířenou působností","2025_03"
"Trhové Sviny",8,84,10,54,0,14,4,0,1,1,2,7,185,6203,"žena","správní obvod obce s rozšířenou působností","2025_03"
"Třeboň",4,127,10,69,8,24,4,5,4,0,2,7,264,7997,"žena","správní obvod obce s rozšířenou působností","2025_03"
"Týn nad Vltavou",7,59,5,31,1,10,0,2,0,1,2,7,125,4474,"žena","správní obvod obce s rozšířenou působností","2025_03"
"Vimperk",7,35,9,48,3,11,5,1,0,1,1,5,126,5464,"žena","správní obvod obce s rozšířenou působností","2025_03"
"Vodňany",4,39,6,23,2,11,2,2,0,1,0,2,92,3646,"žena","správní obvod obce s rozšířenou působností","2025_03"
"Jihočeský kraj",248,2284,230,1502,73,459,127,65,20,30,28,209,5275,205828,"žena","kraj","2025_03"
"Blansko",20,111,14,91,4,25,10,2,1,2,3,7,290,16700,"žena","správní obvod obce s rozšířenou působností","2025_03"
"Boskovice",18,153,10,97,4,32,11,8,2,2,3,14,354,15507,"žena","správní obvod obce s rozšířenou působností","2025_03"
"Brno",154,801,82,733,25,224,63,44,10,16,16,110,2278,110345,"žena","správní obvod obce s rozšířenou působností","2025_03"
"Břeclav",19,186,24,107,2,36,8,3,1,3,2,27,418,18346,"žena","správní obvod obce s rozšířenou působností","2025_03"
"Bučovice",5,48,6,24,5,10,1,1,2,1,0,3,106,4787,"žena","správní obvod obce s rozšířenou působností","2025_03"
"Hodonín",10,173,19,107,3,34,6,5,5,4,4,17,387,18300,"žena","správní obvod obce s rozšířenou působností","2025_03"
"Hustopeče",7,101,15,74,2,14,3,4,0,6,0,11,237,11088,"žena","správní obvod obce s rozšířenou působností","2025_03"
"Ivančice",4,43,9,34,0,11,4,3,0,2,1,5,116,7438,"žena","správní obvod obce s rozšířenou působností","2025_03"
"Kuřim",11,46,5,49,2,16,4,4,1,1,0,5,144,7031,"žena","správní obvod obce s rozšířenou působností","2025_03"
"Kyjov",12,121,11,99,2,31,9,3,1,1,1,12,303,16867,"žena","správní obvod obce s rozšířenou působností","2025_03"
"Mikulov",6,89,8,47,2,17,7,2,0,1,1,5,185,6068,"žena","správní obvod obce s rozšířenou působností","2025_03"
"Moravský Krumlov",6,56,8,30,1,11,5,2,0,1,1,6,127,6988,"žena","správní obvod obce s rozšířenou působností","2025_03"
"Pohořelice",6,49,7,36,0,8,4,3,0,0,1,5,119,4401,"žena","správní obvod obce s rozšířenou působností","2025_03"
"Rosice",8,73,5,58,3,15,8,3,1,2,1,9,186,8061,"žena","správní obvod obce s rozšířenou působností","2025_03"
"Slavkov u Brna",7,50,4,55,1,19,6,1,1,1,0,4,149,7394,"žena","správní obvod obce s rozšířenou působností","2025_03"
"Šlapanice",33,170,18,178,7,42,8,6,2,4,1,10,479,21648,"žena","správní obvod obce s rozšířenou působností","2025_03"
"Tišnov",8,68,11,61,1,13,8,3,0,1,2,8,184,9809,"žena","správní obvod obce s rozšířenou působností","2025_03"
"Veselí nad Moravou",4,105,9,54,1,30,5,4,0,3,1,12,228,11526,"žena","správní obvod obce s rozšířenou působností","2025_03"
"Vyškov",11,236,13,129,3,33,9,5,4,1,1,9,454,15576,"žena","správní obvod obce s rozšířenou působností","2025_03"
"Znojmo",20,250,33,146,2,53,22,7,1,3,6,32,575,28411,"žena","správní obvod obce s rozšířenou působností","2025_03"
"Židlochovice",23,57,6,77,3,15,5,2,2,0,0,11,201,9668,"žena","správní obvod obce s rozšířenou působností","2025_03"
"Jihomoravský kraj",392,2986,317,2286,73,689,206,115,34,55,45,322,7520,355959,"žena","kraj","2025_03"
"Aš",2,48,2,26,0,12,5,2,0,0,1,7,105,4592,"žena","správní obvod obce s rozšířenou působností","2025_03"
"Cheb",18,179,19,93,3,36,18,5,0,3,1,26,401,14283,"žena","správní obvod obce s rozšířenou působností","2025_03"
"Karlovy Vary",39,288,41,220,6,65,14,11,3,6,4,43,740,25289,"žena","správní obvod obce s rozšířenou působností","2025_03"
"Kraslice",3,46,6,34,1,6,1,1,0,1,0,5,104,3398,"žena","správní obvod obce s rozšířenou působností","2025_03"
"Mariánské Lázně",7,65,8,43,3,23,5,2,0,2,1,12,171,7323,"žena","správní obvod obce s rozšířenou působností","2025_03"
"Ostrov",12,107,14,67,2,22,11,4,2,0,1,17,259,7829,"žena","správní obvod obce s rozšířenou působností","2025_03"
"Sokolov",15,257,29,202,7,39,15,9,2,6,3,55,639,20663,"žena","správní obvod obce s rozšířenou působností","2025_03"
"Karlovarský kraj",96,990,119,685,22,203,69,34,7,18,11,165,2419,83377,"žena","kraj","2025_03"
"Bystřice nad Pernštejnem",3,38,5,20,0,10,6,1,0,0,0,3,86,6144,"žena","správní obvod obce s rozšířenou působností","2025_03"
"Havlíčkův Brod",26,201,13,110,4,25,6,3,1,4,0,15,408,16450,"žena","správní obvod obce s rozšířenou působností","2025_03"
"Humpolec",5,58,9,45,1,8,2,2,2,3,1,3,139,5639,"žena","správní obvod obce s rozšířenou působností","2025_03"
"Chotěboř",6,73,3,35,3,11,6,0,1,0,0,7,145,6691,"žena","správní obvod obce s rozšířenou působností","2025_03"
"Jihlava",21,236,22,154,5,45,16,4,2,3,2,15,525,29471,"žena","správní obvod obce s rozšířenou působností","2025_03"
"Moravské Budějovice",5,67,6,40,1,12,5,3,0,0,0,5,144,7321,"žena","správní obvod obce s rozšířenou působností","2025_03"
"Náměšť nad Oslavou",2,26,5,24,1,3,1,0,0,0,0,7,69,4424,"žena","správní obvod obce s rozšířenou působností","2025_03"
"Nové Město na Moravě",1,43,2,23,0,8,0,0,0,2,0,1,80,6025,"žena","správní obvod obce s rozšířenou působností","2025_03"
"Pacov",0,10,2,13,0,5,1,2,0,0,1,1,35,2867,"žena","správní obvod obce s rozšířenou působností","2025_03"
"Pelhřimov",22,136,16,74,4,36,4,8,5,1,1,10,317,14113,"žena","správní obvod obce s rozšířenou působností","2025_03"
"Světlá nad Sázavou",5,103,4,29,1,9,3,0,2,1,1,2,160,6067,"žena","správní obvod obce s rozšířenou působností","2025_03"
"Telč",3,32,2,14,1,5,3,1,0,0,0,5,66,4093,"žena","správní obvod obce s rozšířenou působností","2025_03"
"Třebíč",17,245,22,172,6,54,13,7,5,2,3,21,567,23596,"žena","správní obvod obce s rozšířenou působností","2025_03"
"Velké Meziříčí",13,126,9,96,4,26,5,3,1,1,0,9,293,11773,"žena","správní obvod obce s rozšířenou působností","2025_03"
"Žďár nad Sázavou",11,101,4,39,1,15,6,0,3,0,1,4,185,13043,"žena","správní obvod obce s rozšířenou působností","2025_03"
"Kraj Vysočina",140,1495,124,888,32,272,77,34,22,17,10,108,3219,157717,"žena","kraj","2025_03"
"Broumov",2,92,7,34,0,11,5,2,0,1,0,5,159,4278,"žena","správní obvod obce s rozšířenou působností","2025_03"
"Dobruška",5,64,4,28,1,10,0,0,0,0,0,4,116,6566,"žena","správní obvod obce s rozšířenou působností","2025_03"
"Dvůr Králové nad Labem",11,119,13,87,3,17,4,5,0,2,1,15,277,8672,"žena","správní obvod obce s rozšířenou působností","2025_03"
"Hořice",3,63,4,48,3,11,2,3,0,0,1,6,144,5896,"žena","správní obvod obce s rozšířenou působností","2025_03"
"Hradec Králové",51,669,65,394,16,114,34,20,6,11,4,50,1434,47776,"žena","správní obvod obce s rozšířenou působností","2025_03"
"Jaroměř",7,69,7,49,3,16,5,4,0,1,1,3,165,5785,"žena","správní obvod obce s rozšířenou působností","2025_03"
"Jičín",16,146,10,155,7,36,10,4,3,3,1,12,403,15374,"žena","správní obvod obce s rozšířenou působností","2025_03"
"Kostelec nad Orlicí",4,70,10,53,3,13,7,1,2,1,0,11,175,7842,"žena","správní obvod obce s rozšířenou působností","2025_03"
"Náchod",22,208,16,134,8,29,11,4,3,4,4,26,469,18944,"žena","správní obvod obce s rozšířenou působností","2025_03"
"Nová Paka",3,38,1,32,2,5,1,1,1,0,0,1,85,4145,"žena","správní obvod obce s rozšířenou působností","2025_03"
"Nové Město nad Metují",2,34,11,21,0,11,1,0,0,1,0,0,81,4622,"žena","správní obvod obce s rozšířenou působností","2025_03"
"Nový Bydžov",3,62,11,43,1,13,3,4,1,2,2,9,154,5658,"žena","správní obvod obce s rozšířenou působností","2025_03"
"Rychnov nad Kněžnou",4,62,7,69,2,14,5,1,0,0,0,13,177,10762,"žena","správní obvod obce s rozšířenou působností","2025_03"
"Trutnov",18,343,23,210,10,46,14,13,3,4,2,29,715,18995,"žena","správní obvod obce s rozšířenou působností","2025_03"
"Vrchlabí",4,141,15,104,5,26,14,6,0,1,1,16,333,8340,"žena","správní obvod obce s rozšířenou působností","2025_03"
"Královéhradecký kraj",155,2180,204,1461,64,372,116,68,19,31,17,200,4887,173655,"žena","kraj","2025_03"
"Česká Lípa",40,244,36,156,11,61,15,11,3,5,3,41,626,20682,"žena","správní obvod obce s rozšířenou působností","2025_03"
"Frýdlant",6,54,10,40,3,15,4,1,0,3,3,16,155,6400,"žena","správní obvod obce s rozšířenou působností","2025_03"
"Jablonec nad Nisou",24,185,21,129,9,42,13,6,1,1,6,25,462,17062,"žena","správní obvod obce s rozšířenou působností","2025_03"
"Jilemnice",8,73,10,58,1,12,0,3,1,2,1,10,179,6907,"žena","správní obvod obce s rozšířenou působností","2025_03"
"Liberec",37,334,34,302,12,67,27,12,3,4,7,59,898,42109,"žena","správní obvod obce s rozšířenou působností","2025_03"
"Nový Bor",11,90,15,52,3,21,6,4,2,1,1,19,225,7637,"žena","správní obvod obce s rozšířenou působností","2025_03"
"Semily",3,79,11,44,1,13,2,3,1,2,2,11,172,7847,"žena","správní obvod obce s rozšířenou působností","2025_03"
"Tanvald",12,63,6,51,2,19,7,5,0,1,2,9,177,5553,"žena","správní obvod obce s rozšířenou působností","2025_03"
"Turnov",6,72,15,85,1,16,5,1,0,4,0,13,218,10977,"žena","správní obvod obce s rozšířenou působností","2025_03"
"Železný Brod",7,44,5,29,1,11,1,0,0,0,1,5,104,3787,"žena","správní obvod obce s rozšířenou působností","2025_03"
"Liberecký kraj",154,1238,163,946,44,277,80,46,11,23,26,208,3216,128961,"žena","kraj","2025_03"
"Bílovec",12,82,11,109,2,17,9,9,2,2,1,7,263,7619,"žena","správní obvod obce s rozšířenou působností","2025_03"
"Bohumín",13,133,13,159,1,29,5,17,0,2,2,13,387,9189,"žena","správní obvod obce s rozšířenou působností","2025_03"
"Bruntál",16,102,11,91,4,24,7,7,1,4,5,14,286,9263,"žena","správní obvod obce s rozšířenou působností","2025_03"
"Český Těšín",13,69,7,125,1,18,6,7,0,7,0,6,259,7122,"žena","správní obvod obce s rozšířenou působností","2025_03"
"Frenštát pod Radhoštěm",6,57,5,53,3,17,4,5,1,0,1,5,157,5842,"žena","správní obvod obce s rozšířenou působností","2025_03"
"Frýdek-Místek",54,323,47,567,21,95,30,39,9,10,8,32,1235,34365,"žena","správní obvod obce s rozšířenou působností","2025_03"
"Frýdlant nad Ostravicí",13,95,20,132,5,33,7,5,1,2,1,11,325,8199,"žena","správní obvod obce s rozšířenou působností","2025_03"
"Havířov",40,198,28,270,13,75,16,30,4,10,3,35,722,22570,"žena","správní obvod obce s rozšířenou působností","2025_03"
"Hlučín",16,151,18,197,7,45,9,13,0,3,1,10,470,12034,"žena","správní obvod obce s rozšířenou působností","2025_03"
"Jablunkov",5,32,13,87,1,11,4,1,1,3,0,2,160,6691,"žena","správní obvod obce s rozšířenou působností","2025_03"
"Karviná",31,144,23,229,8,43,14,16,5,9,2,25,549,15087,"žena","správní obvod obce s rozšířenou působností","2025_03"
"Kopřivnice",19,121,17,145,6,19,7,13,0,2,2,8,359,11907,"žena","správní obvod obce s rozšířenou působností","2025_03"
"Kravaře",8,88,2,99,6,16,7,2,1,1,1,3,234,6423,"žena","správní obvod obce s rozšířenou působností","2025_03"
"Krnov",15,181,19,124,10,36,11,7,1,4,0,10,418,10505,"žena","správní obvod obce s rozšířenou působností","2025_03"
"Nový Jičín",24,162,21,182,4,38,17,10,1,2,0,14,475,14546,"žena","správní obvod obce s rozšířenou působností","2025_03"
"Odry",5,50,11,62,4,12,5,5,2,2,0,3,161,4778,"žena","správní obvod obce s rozšířenou působností","2025_03"
"Opava",45,471,40,390,9,100,19,17,2,7,5,16,1121,30601,"žena","správní obvod obce s rozšířenou působností","2025_03"
"Orlová",25,134,13,152,4,32,13,13,3,5,0,21,415,9575,"žena","správní obvod obce s rozšířenou působností","2025_03"
"Ostrava",152,1086,119,1176,42,270,73,78,15,27,19,111,3168,84389,"žena","správní obvod obce s rozšířenou působností","2025_03"
"Rýmařov",7,35,8,48,1,11,4,1,1,0,0,3,119,3843,"žena","správní obvod obce s rozšířenou působností","2025_03"
"Třinec",17,156,35,242,4,31,11,12,2,9,2,21,542,16152,"žena","správní obvod obce s rozšířenou působností","2025_03"
"Vítkov",1,34,7,41,0,8,2,3,1,1,1,4,103,3475,"žena","správní obvod obce s rozšířenou působností","2025_03"
"Moravskoslezský kraj",537,3904,488,4680,156,980,280,310,53,112,54,374,11928,334175,"žena","kraj","2025_03"
"Hranice",8,128,9,87,8,26,4,5,3,1,0,8,287,10318,"žena","správní obvod obce s rozšířenou působností","2025_03"
"Jeseník",6,150,27,93,4,31,10,2,3,1,1,18,346,10111,"žena","správní obvod obce s rozšířenou působností","2025_03"
"Konice",0,30,3,22,0,5,2,1,0,0,1,0,64,3484,"žena","správní obvod obce s rozšířenou působností","2025_03"
"Lipník nad Bečvou",4,65,5,30,2,12,6,0,0,0,1,7,132,4624,"žena","správní obvod obce s rozšířenou působností","2025_03"
"Litovel",4,43,5,41,1,19,3,2,0,0,3,3,124,6999,"žena","správní obvod obce s rozšířenou působností","2025_03"
"Mohelnice",1,34,12,24,1,7,9,0,0,0,1,5,94,5395,"žena","správní obvod obce s rozšířenou působností","2025_03"
"Olomouc",71,414,77,375,15,124,29,16,7,9,4,47,1188,50368,"žena","správní obvod obce s rozšířenou působností","2025_03"
"Prostějov",43,397,42,218,12,61,22,12,5,3,4,45,864,29430,"žena","správní obvod obce s rozšířenou působností","2025_03"
"Přerov",12,244,34,127,3,51,13,7,1,5,2,20,519,22354,"žena","správní obvod obce s rozšířenou působností","2025_03"
"Šternberk",2,59,11,39,2,9,6,3,1,0,3,12,147,6717,"žena","správní obvod obce s rozšířenou působností","2025_03"
"Šumperk",21,351,22,128,3,46,20,8,1,3,5,24,632,19655,"žena","správní obvod obce s rozšířenou působností","2025_03"
"Uničov",6,53,9,48,0,10,9,2,0,0,1,12,150,6391,"žena","správní obvod obce s rozšířenou působností","2025_03"
"Zábřeh",8,95,12,59,4,17,4,5,0,0,0,6,210,9500,"žena","správní obvod obce s rozšířenou působností","2025_03"
"Olomoucký kraj",186,2063,268,1291,55,418,137,63,21,22,26,207,4757,185346,"žena","kraj","2025_03"
"Česká Třebová",8,29,6,45,2,12,6,2,3,0,0,4,117,5118,"žena","správní obvod obce s rozšířenou působností","2025_03"
"Hlinsko",4,68,6,60,1,14,7,1,0,1,0,5,167,6311,"žena","správní obvod obce s rozšířenou působností","2025_03"
"Holice",8,113,4,90,2,24,3,5,2,2,0,5,258,5846,"žena","správní obvod obce s rozšířenou působností","2025_03"
"Chrudim",33,307,30,264,15,82,20,15,6,3,6,26,807,26784,"žena","správní obvod obce s rozšířenou působností","2025_03"
"Králíky",2,21,6,26,1,10,2,2,1,0,0,2,73,2370,"žena","správní obvod obce s rozšířenou působností","2025_03"
"Lanškroun",7,54,6,40,2,12,8,1,1,1,2,10,144,6892,"žena","správní obvod obce s rozšířenou působností","2025_03"
"Litomyšl",9,75,7,60,2,16,3,3,0,2,1,8,186,8512,"žena","správní obvod obce s rozšířenou působností","2025_03"
"Moravská Třebová",3,76,8,45,3,23,7,3,0,0,1,7,176,7090,"žena","správní obvod obce s rozšířenou působností","2025_03"
"Pardubice",49,565,47,374,16,97,14,27,3,9,3,43,1247,40972,"žena","správní obvod obce s rozšířenou působností","2025_03"
"Polička",5,42,5,22,1,9,5,1,1,0,0,7,98,5865,"žena","správní obvod obce s rozšířenou působností","2025_03"
"Přelouč",9,83,6,60,3,17,1,4,1,2,3,5,194,8004,"žena","správní obvod obce s rozšířenou působností","2025_03"
"Svitavy",5,89,11,71,1,13,2,4,1,1,0,8,206,8608,"žena","správní obvod obce s rozšířenou působností","2025_03"
"Ústí nad Orlicí",14,44,12,81,2,17,7,5,2,1,0,4,189,8140,"žena","správní obvod obce s rozšířenou působností","2025_03"
"Vysoké Mýto",12,102,19,103,4,23,3,7,1,1,3,11,289,9984,"žena","správní obvod obce s rozšířenou působností","2025_03"
"Žamberk",13,99,11,84,2,15,8,5,1,2,0,3,243,9164,"žena","správní obvod obce s rozšířenou působností","2025_03"
"Pardubický kraj",181,1767,184,1425,57,384,96,85,23,25,19,148,4394,159660,"žena","kraj","2025_03"
"Blovice",4,55,4,25,1,6,4,3,1,1,1,2,107,3967,"žena","správní obvod obce s rozšířenou působností","2025_03"
"Domažlice",9,109,21,105,4,22,13,3,1,2,1,13,303,13047,"žena","správní obvod obce s rozšířenou působností","2025_03"
"Horažďovice",2,19,6,21,0,6,1,0,2,0,0,1,58,3649,"žena","správní obvod obce s rozšířenou působností","2025_03"
"Horšovský Týn",3,38,7,35,2,8,5,1,1,0,0,7,107,4589,"žena","správní obvod obce s rozšířenou působností","2025_03"
"Klatovy",15,157,19,86,6,30,12,2,2,1,5,19,354,16746,"žena","správní obvod obce s rozšířenou působností","2025_03"
"Kralovice",14,96,6,54,2,22,4,2,3,1,0,7,211,7552,"žena","správní obvod obce s rozšířenou působností","2025_03"
"Nepomuk",5,35,4,21,0,6,4,1,0,0,0,7,83,3619,"žena","správní obvod obce s rozšířenou působností","2025_03"
"Nýřany",16,370,14,179,8,50,10,14,2,2,4,19,688,19017,"žena","správní obvod obce s rozšířenou působností","2025_03"
"Plzeň",51,873,47,441,15,118,40,28,1,6,7,70,1697,58168,"žena","správní obvod obce s rozšířenou působností","2025_03"
"Přeštice",7,80,9,66,4,10,5,4,0,4,0,11,200,7663,"žena","správní obvod obce s rozšířenou působností","2025_03"
"Rokycany",6,320,15,172,6,37,14,8,3,5,1,12,599,15652,"žena","správní obvod obce s rozšířenou působností","2025_03"
"Stod",6,87,9,54,3,10,7,3,0,0,0,11,190,7051,"žena","správní obvod obce s rozšířenou působností","2025_03"
"Stříbro",9,80,8,57,1,15,5,0,0,3,2,13,193,5308,"žena","správní obvod obce s rozšířenou působností","2025_03"
"Sušice",3,77,5,64,2,27,5,1,0,2,1,6,193,7592,"žena","správní obvod obce s rozšířenou působností","2025_03"
"Tachov",17,132,13,183,7,28,14,4,3,0,2,18,421,10573,"žena","správní obvod obce s rozšířenou působností","2025_03"
"Plzeňský kraj",167,2528,187,1563,61,395,143,74,19,27,24,216,5404,184193,"žena","kraj","2025_03"
"Benešov",13,102,16,156,6,32,10,5,1,5,0,15,361,19621,"žena","správní obvod obce s rozšířenou působností","2025_03"
"Beroun",23,381,24,198,4,76,11,11,1,2,0,29,760,21465,"žena","správní obvod obce s rozšířenou působností","2025_03"
"Brandýs nad Labem-Stará Boleslav",39,447,33,326,6,97,27,16,5,5,4,30,1035,37315,"žena","správní obvod obce s rozšířenou působností","2025_03"
"Čáslav",13,112,8,58,4,16,7,4,0,2,1,11,236,8107,"žena","správní obvod obce s rozšířenou působností","2025_03"
"Černošice",64,539,44,480,16,123,29,16,4,5,6,34,1360,50899,"žena","správní obvod obce s rozšířenou působností","2025_03"
"Český Brod",7,51,9,39,0,17,5,1,1,1,2,16,149,6395,"žena","správní obvod obce s rozšířenou působností","2025_03"
"Dobříš",6,44,8,47,1,15,3,3,0,1,3,8,139,7730,"žena","správní obvod obce s rozšířenou působností","2025_03"
"Hořovice",6,198,10,93,5,25,6,8,3,1,1,13,369,9720,"žena","správní obvod obce s rozšířenou působností","2025_03"
"Kladno",28,310,44,234,9,71,19,8,3,5,0,66,797,37344,"žena","správní obvod obce s rozšířenou působností","2025_03"
"Kolín",20,249,15,156,8,41,12,5,3,1,2,48,560,25452,"žena","správní obvod obce s rozšířenou působností","2025_03"
"Kralupy nad Vltavou",10,167,8,89,1,20,5,5,2,3,3,20,333,9738,"žena","správní obvod obce s rozšířenou působností","2025_03"
"Kutná Hora",14,182,15,111,7,34,10,6,2,2,1,21,405,15853,"žena","správní obvod obce s rozšířenou působností","2025_03"
"Lysá nad Labem",10,102,23,79,3,21,6,5,2,2,0,10,263,8743,"žena","správní obvod obce s rozšířenou působností","2025_03"
"Mělník",13,136,11,106,1,29,14,7,1,2,0,23,343,14181,"žena","správní obvod obce s rozšířenou působností","2025_03"
"Mladá Boleslav",24,283,43,244,9,72,18,9,2,3,2,43,752,33793,"žena","správní obvod obce s rozšířenou působností","2025_03"
"Mnichovo Hradiště",9,53,10,35,1,11,1,0,1,2,0,13,136,5936,"žena","správní obvod obce s rozšířenou působností","2025_03"
"Neratovice",9,189,14,96,2,17,5,8,0,3,2,13,358,9589,"žena","správní obvod obce s rozšířenou působností","2025_03"
"Nymburk",9,99,7,78,4,23,9,2,1,2,2,18,254,12805,"žena","správní obvod obce s rozšířenou působností","2025_03"
"Poděbrady",14,126,15,80,3,26,10,4,0,1,0,17,296,10421,"žena","správní obvod obce s rozšířenou působností","2025_03"
"Příbram",10,142,35,188,2,48,8,7,3,0,3,20,466,22430,"žena","správní obvod obce s rozšířenou působností","2025_03"
"Rakovník",16,170,24,98,4,31,26,6,1,3,0,22,401,16845,"žena","správní obvod obce s rozšířenou působností","2025_03"
"Říčany",32,272,23,226,8,37,8,11,2,6,3,27,655,25162,"žena","správní obvod obce s rozšířenou působností","2025_03"
"Sedlčany",2,42,15,55,2,8,2,1,0,1,0,8,136,7380,"žena","správní obvod obce s rozšířenou působností","2025_03"
"Slaný",14,92,14,84,1,25,13,7,1,1,0,22,274,12458,"žena","správní obvod obce s rozšířenou působností","2025_03"
"Vlašim",6,55,4,48,2,21,2,4,0,2,0,6,150,8088,"žena","správní obvod obce s rozšířenou působností","2025_03"
"Votice",1,34,4,25,0,5,2,1,0,0,0,10,82,4011,"žena","správní obvod obce s rozšířenou působností","2025_03"
"Středočeský kraj",412,4577,476,3429,109,941,268,160,39,61,35,563,11070,441481,"žena","kraj","2025_03"
"Bílina",6,91,5,39,1,13,4,6,1,2,3,10,181,5021,"žena","správní obvod obce s rozšířenou působností","2025_03"
"Děčín",31,228,38,134,9,65,20,3,3,9,3,40,583,20408,"žena","správní obvod obce s rozšířenou působností","2025_03"
"Chomutov",30,342,20,265,15,71,23,15,4,5,3,42,835,21350,"žena","správní obvod obce s rozšířenou působností","2025_03"
"Kadaň",9,129,4,98,3,29,5,3,1,2,1,9,293,11134,"žena","správní obvod obce s rozšířenou působností","2025_03"
"Litoměřice",7,201,31,143,4,35,21,9,2,2,1,22,478,17508,"žena","správní obvod obce s rozšířenou působností","2025_03"
"Litvínov",15,201,15,120,6,30,16,6,4,2,1,10,426,9570,"žena","správní obvod obce s rozšířenou působností","2025_03"
"Louny",15,225,14,120,4,40,13,5,4,7,0,18,465,12975,"žena","správní obvod obce s rozšířenou působností","2025_03"
"Lovosice",6,76,12,51,3,8,1,2,1,1,0,14,175,8171,"žena","správní obvod obce s rozšířenou působností","2025_03"
"Most",22,222,27,194,8,36,16,8,2,5,2,34,576,18517,"žena","správní obvod obce s rozšířenou působností","2025_03"
"Podbořany",8,78,5,32,2,8,3,2,1,1,1,10,151,4205,"žena","správní obvod obce s rozšířenou působností","2025_03"
"Roudnice nad Labem",5,89,7,75,3,18,6,5,0,4,2,20,234,10324,"žena","správní obvod obce s rozšířenou působností","2025_03"
"Rumburk",5,88,7,92,1,13,10,5,3,0,4,28,256,8260,"žena","správní obvod obce s rozšířenou působností","2025_03"
"Teplice",37,522,64,261,17,69,23,19,7,8,3,51,1081,30433,"žena","správní obvod obce s rozšířenou působností","2025_03"
"Ústí nad Labem",27,341,32,209,5,74,28,6,4,9,5,55,795,31029,"žena","správní obvod obce s rozšířenou působností","2025_03"
"Varnsdorf",1,39,10,36,1,15,5,1,0,0,1,11,120,5289,"žena","správní obvod obce s rozšířenou působností","2025_03"
"Žatec",6,114,8,92,4,22,6,8,5,3,0,12,280,7760,"žena","správní obvod obce s rozšířenou působností","2025_03"
"Ústecký kraj",230,2986,299,1961,86,546,200,103,42,60,30,386,6929,221954,"žena","kraj","2025_03"
"Bystřice pod Hostýnem",5,41,10,32,1,4,2,2,2,1,0,2,102,4618,"žena","správní obvod obce s rozšířenou působností","2025_03"
"Holešov",10,70,9,87,1,12,4,1,0,1,0,5,200,6623,"žena","správní obvod obce s rozšířenou působností","2025_03"
"Kroměříž",25,364,26,162,8,56,22,9,6,5,4,20,707,20098,"žena","správní obvod obce s rozšířenou působností","2025_03"
"Luhačovice",6,37,5,36,0,9,4,0,0,0,0,4,101,5687,"žena","správní obvod obce s rozšířenou působností","2025_03"
"Otrokovice",14,120,9,100,3,39,11,2,0,2,4,8,312,10006,"žena","správní obvod obce s rozšířenou působností","2025_03"
"Rožnov pod Radhoštěm",4,97,11,97,3,19,16,4,0,1,0,8,260,10620,"žena","správní obvod obce s rozšířenou působností","2025_03"
"Uherské Hradiště",40,260,32,202,2,73,16,6,11,5,4,22,673,27494,"žena","správní obvod obce s rozšířenou působností","2025_03"
"Uherský Brod",19,126,14,100,4,24,11,5,0,2,0,14,319,15336,"žena","správní obvod obce s rozšířenou působností","2025_03"
"Valašské Klobouky",10,39,7,55,1,7,2,4,0,0,0,1,126,6633,"žena","správní obvod obce s rozšířenou působností","2025_03"
"Valašské Meziříčí",14,89,15,104,0,31,8,4,1,5,0,13,284,12899,"žena","správní obvod obce s rozšířenou působností","2025_03"
"Vizovice",4,69,3,51,1,9,4,0,0,2,0,5,148,5546,"žena","správní obvod obce s rozšířenou působností","2025_03"
"Vsetín",20,185,24,147,11,45,11,6,4,1,0,21,475,18602,"žena","správní obvod obce s rozšířenou působností","2025_03"
"Zlín",36,311,38,236,6,51,22,13,1,4,1,21,740,31866,"žena","správní obvod obce s rozšířenou působností","2025_03"
"Zlínský kraj",207,1808,203,1409,41,379,133,56,25,29,13,144,4447,176028,"žena","kraj","2025_03"
"ČR",3504,33323,3564,26068,946,7037,2157,1343,366,548,373,3628,82857,3223365,"žena","stát","2025_03"
